秃疮,白秃疮
恶露不绝,恶露不净,产后恶露不绝,产后恶露不净
恶露不下,产后恶露不下
胁痈,穿胁痈
转筋,腓踹转筋
粉刺,肺风粉刺
囊痈,肾囊痈
目痒,时复目痒
霍乱,时疫霍乱
客忤,小儿客忤
通睛,斗睛,小儿通睛,小儿斗睛
白疕,白壳疮
百日咳,顿咳
胞虚如球,睥虚如球
胞轮振跳,眼胞振跳
胞生痰核,胞睑痰核
胞衣先破,胞膜先破,胞衣先早,胞膜先早
胞阻,妊娠腹痛
鼻疳,鼻疮
鼻息肉,鼻痔
便秘,便闭
鬓疽,太阳疽
糙皮病,癞皮病
颤病,脑风
齿槽风,牙槽风,穿腮毒
赤虫病,扁虫病
赤膜下垂,垂帘障,垂帘翳
春温,春瘟
唇风,驴嘴风
皴裂疮,手足皲裂
寸白虫病,绦虫病
大脚风,象皮腿
恶阻,妊娠呕吐
耳蕈,耳菌
翻花痔,嵌顿痔
肥疮,癞头疮
腓踹发,鱼肚痈
腓踹疽,驴眼疮
肺虫病,肺吸虫病
痱癗,痱子
风痱,喑痱
风土疮,土风疮
附骨疽,多骨疽,咬骨疽,朽骨疽
肝癖,肝痞
肝瘟,瘟黄,疫黄
肝著,肝着,肝胀
疳积上目,疳眼
肛肠痒,肛痒风
肛瘘,肛漏
肛门湿疡,肛门顽湿
高风内障,高风雀目
汗斑,紫白癜风
合谷疔,虎口疔
鹤膝痰,鹤膝风
红蝴蝶疮,蝶斑疮
喉癣,喉痨
黄胖病,黄肿病,钩虫病
黄水疮,滴脓疮
火疳,乌轮赤晕
饥厥,食厥
肌痹,肉痹
肌痿,肉痿
鸡眼,肉刺
急喉风,锁喉风
睑弦赤烂,风弦赤烂
脚湿气,臭田螺
疖病,多发性疖
结舌,连舌,绊舌
金疳,赤带抱轮
井疽,溃心冷漏,穿心冷漏
颈痈,夹喉痈
厥头痛,真头痛
厥心痛,真心痛
颏痈,承浆痈
口疮,口疳
口僻,面瘫
雷公藤中毒,黄藤木中毒
冷厥,阴厥,寒厥
裂肛,肛裂
流火,腿游风
流痰,骨痨
蝼蛄疖,鳝拱头
猫眼疮,雁疮
眉斂疮,恋眉疮
目倦,视疲劳
目偏视,风牵偏视
目劄,目连札
内痔,里痔
奶麻,假麻,奶疹,假疹
呕血,吐血
蟠蛇疬,锁颈疬
脾痿,脾消
睥翻粘睑,皮翻粘睑
偏头风,偏头痛
胼胝,牛程蹇,脚垫
漆疮,漆毒
脐突,脐疝
气厥,郁厥
气痔,脉痔
窍漏,眦漏,漏睛
缺乳,乳汁不行
热疮,气疮,火燎疮
热淋,急淋
乳发,脱壳乳痈
乳头风,乳头破碎
褥疮,席疮
软疖,无头疖
上胞下垂,睢目
舌菌,舌岩
蛇串疮,蛇丹
蛇肚疔,中节疔
蛇头疔,瘭疽
摄领疮,牛皮癣
肾岩翻花,阴茎岩
肾著,肾着
湿疮,湿疡
湿温,湿瘟
湿阻,冒湿,伤湿
石疖,有头疖
视歧,复视
手足逆胪,倒刺
暑疖,热疖
暑风,暑痉
暑厥,暑闭
暑温,暑瘟
鼠乳,水瘊
炭疽,疫疔
天行赤眼暴翳别名暴赤生翳
瞳神干缺,瞳人干缺
痛痹,寒痹
臀红,湮尻疮
温毒发斑,瘟毒发斑
泄泻,腹泻
蟹睛病,蟹睛突起
新产出血,新产血崩
行痹,风痹
胸痹,胸痹心痛
绣球风,肾囊风,阴囊风
旋耳疮,月蚀疮
血厥,脉厥
血风劳,产后劳
偃月侵睛,枣花翳
燕口疮,口吻疮
药毒,药疹,膏药风
野屎风,粪块毒
阴头痈,龟头痈
瘾疹,风疹块
瘿瘅,瘿瘤
痈,发
玉顶疽,百会疽
圆癣,钱癣,金钱癣
圆翳内障,如银内障
远视,能远怯近
震颤,颤症,颤振
癥积,腹内包块
肢痿,痿痹
脂瘤,粉瘤
中恶,卒忤
重舌,莲花舌
著痹,湿痹
转胞,妊娠小便不通
子烦,妊娠心烦
子淋,妊娠小便淋痛
子嗽,妊娠咳嗽
子悬,胎气上逆
子眩,妊娠眩晕
子喑,妊娠失音
子肿,妊娠肿胀
气脱证,元气虚脱证,元气衰败证
血虚动风证,血虚生风证
血虚风燥证,血虚风盛证,血虚肤燥生风证
阴虚证,阴液亏虚证
阴虚津亏证,阴津亏虚证
亡阴证,阴脱证
阳虚证,阳气虚证,阳气亏虚证,虚寒证,阳虚内寒证
亡阳证,阳脱证
气不摄血证,气不统血证
气阴两虚证,气阴亏虚证
阴阳两虚证,阴阳亏虚证
津亏证,津伤证
液亏证,液脱证
精气亏虚证,精气不足证,精亏证
卫虚证,卫气亏虚证,卫表不固证
虚证,气亏虚证
风邪犯表证,风邪外袭证
风湿犯表证,风湿外袭证,风湿证
风热外袭证,风热外侵证,风热证
风热俱盛证,风热壅盛证
风热痰毒证,风热痰凝证,风热挟痰证
风湿挟毒证,风湿毒聚证
风湿化热证,风湿化火证,风湿郁热证,风湿热郁证
风寒化热证,风寒郁热证
寒凝证,外寒证
寒湿阻滞证,寒湿凝滞证,寒湿证,寒湿内阻证
寒热错杂证,寒热挟杂证
血寒证,血寒凝滞证
暑热证,暑热内郁证
暑湿证,暑湿内蕴证,暑湿热郁证
湿阻证,湿浊困阻证,湿邪阻滞证
湿热证,湿热蕴结证,湿热内蕴证,湿热壅盛证
湿热毒蕴证,湿热疫毒证
温燥证,燥热证
凉燥证,寒燥证
火热炽盛证,邪热炽盛证,实火证,实热证
气分证,气分热盛证,热炽气分证
营分证,营分热盛证,热炽营分证
血分证别名血热证,血分证别名血热内扰证
血热瘀滞证,血热瘀结证
热盛气滞证,热郁气滞证
热厥证,热极肢厥证,真热假寒证
热盛酿脓证,热盛肉腐证
痰证,痰浊证,痰浊阻滞证,痰浊凝聚证
湿痰证,痰湿证,痰湿阻滞证,痰湿内阻证
燥痰证,燥痰蕴结证
痰气互结证,痰气郁结证
痰瘀互结证,痰瘀搏结证,瘀痰内阻证,血瘀痰凝证
痰热内扰证,.痰热内阻证,.痰热内盛证,痰热搏结证,痰热蕴结证,痰火郁结证,痰火内扰证
痰虫互结证,痰虫搏结证
水饮内停证,饮证
水停证,水气证,水湿内停证,水湿停聚证,水湿侵渍证,水湿泛溢证
气滞证,气机阻滞证,气机郁结证
气滞血瘀证,气血瘀滞证
气滞痰凝证,气郁痰凝证,气滞痰阻证,气郁痰阻证
气滞湿阻证,气滞湿困证
气郁化火证,气滞化火证,气郁化热证,气滞化热证
气逆证,气机上逆证
气闭证,气机壅闭证,气机闭塞证
血瘀证,瘀血内阻证,瘀血阻滞证
血瘀气滞证,瘀滞证
血瘀化热证,瘀滞化热证,瘀热内郁证
风毒证,风毒炽盛证
火毒证,热毒证,火毒炽盛证,热毒炽盛证,热毒蕴结证,热毒壅滞证
热毒入营证,火毒入营证,热毒陷营证,火毒陷营证
热毒内陷证,火毒内陷证,热毒内闭证,火毒内闭证
湿毒证,湿毒蕴结证
虫毒证,虫毒结聚证
疫毒证,疫毒侵袭证
脓毒证,脓毒蕴积证
胎毒证,胎毒蕴结证,胎毒内蕴证
阴毒证,寒毒证
食积证,乳食内积证
气虚痰结证,气虚痰阻证
气虚湿困证,气虚湿阻证
气虚血瘀证,气虚血凝证
血虚挟痰证,血虚痰阻证
阴虚内热证,虚热证
阴虚火旺证,阴虚火炽证,阴虚火炎证,虚火证
阴虚阳亢证,虚阳偏亢证,虚阳偏旺证
阴虚热郁证,阴虚郁热证
阴虚血瘀证,阴虚瘀热证
阴虚湿阻证,阴虚湿困证
阴虚痰湿证,阴虚痰浊证,阴虚痰阻证
阳虚湿困证,阳虚湿阻证
阳虚饮停证,寒饮内停证
阳虚水泛证,阳虚水停证
阳虚痰凝证,阳虚痰阻证
正虚邪恋证,正虚邪留证
气虚邪恋证,气虚邪留证
气虚毒滞证,气虚毒恋证
阴虚邪恋证,阴虚毒恋证
血虚邪恋证,血虚毒恋证
阳虚邪恋证,阳虚毒恋证
风热血燥证,风热化燥证
寒凝阳虚证,阴盛阳虚证,阴盛阳衰证
血热伤阴证,血热阴虚证
火热伤阴证,热盛伤阴证
热盛伤津证,热盛耗液证
痰热阴虚证,痰热伤阴证
血瘀风燥证,血瘀风盛证
热毒伤阴证,火毒伤阴证
心气虚证,心气亏虚证
心阳虚证,心阳亏虚证
心血虚证,心血亏虚证
心阴虚证,心阴亏虚证
心阴虚火旺证,心阴虚阳亢证
心血瘀阻证,心血瘀滞证,心脉瘀阻证,心脉痹阻证
心脉气滞证,气滞心脉证
心火炽盛证,心火亢盛证,心经积热证
热闭心包证,热闭心神证,热陷心包证,热入心包证
热扰心神证,火扰心神证
暑热闭神证,暑入心包证,暑闭心包证
痰火扰神证,痰热扰神证,痰火扰心证,痰热扰心证,痰火闭窍证
痰迷心窍证,痰蒙心窍证,痰阻心窍证,痰闭心窍证,痰迷心神证,痰蒙心神证,痰阻心神证,痰闭心神证,
痰湿蒙闭心窍证,痰湿蒙闭心神证
风痰闭神证,风痰闭窍证
浊毒闭神证,浊毒闭窍证
气闭神厥证,气郁神闭证
瘀阻脑络证,瘀阻脑窍证
忧伤神气证,忧郁伤神证
肺气虚证,肺气亏虚证
肺阳虚证,肺虚寒证
肺阴虚证,肺阴亏虚证,肺虚热证
肺卫气虚证,肺卫气虚不固证,肺虚表疏证
阴虚肺燥证,肺燥津亏证,肺燥阴虚证
肺热炽盛证,肺热壅盛证,肺实热证,肺火证,邪热壅肺证
肺热阴虚证,肺热津伤证,阴虚肺热证
肺经郁火证,肺经郁热证
肺热血瘀证,肺热瘀滞证
邪郁肺卫证,邪侵肺卫证
痰热壅肺证,痰火壅肺证,痰热蕴肺证,痰火蕴肺证
痰浊阻肺证,痰湿阻肺证,痰浊蕴肺证,痰湿蕴肺证
痰瘀阻肺证,瘀痰阻肺证
风寒袭肺证,风寒束肺证
寒饮停肺证,饮邪客肺证,饮邪犯肺证
肺热饮停证,热饮阻肺证
寒痰阻肺证,寒痰停肺证
燥邪犯肺证,燥邪伤肺证
温燥袭肺证,温燥伤肺证
燥痰结肺证,燥痰阻肺证
热毒闭肺证,火毒闭肺证
虫毒犯肺证,虫毒侵肺证
脾气虚证,脾气亏虚证
脾气下陷证,中气下陷证,,脾虚气陷证
脾不统血证,脾不摄血证
脾阳虚证,脾阳亏虚证,脾阳虚衰证,脾虚寒证
脾阴虚证,脾阴亏虚证
脾虚动风证,脾气虚动风证
脾虚水泛证,脾虚水停证,脾虚水湿证,脾气虚水泛证,脾气虚水停证,脾气虚水湿证
脾阳虚水泛证,脾阳虚水停证
脾虚湿困证,虚湿蕴证,虚湿盛证,虚湿泛证,脾虚夹湿证
脾虚食积证,脾虚夹食证
湿热蕴脾证,湿热困脾证,脾经湿热证
寒湿困脾证,寒湿蕴脾证,湿困脾阳证,太阴寒湿证,寒湿中阻证
胃气虚证,胃气亏虚证
胃气阴两虚证,胃气阴两亏证
胃热气逆证,胃火气逆证
胃阳虚证,胃阳亏虚证,胃虚寒证
胃阴虚证,胃阴亏虚证,胃虚热证
胃火炽证,胃热炽证,胃火炽盛证,胃热炽盛证,胃实热证
胃热津伤证,胃热津亏证,胃热津亏证
胃燥津伤证,胃燥津亏证
肠道湿热证,大肠湿热证
小肠实热证,心移热膀胱证
大肠热结证,肠道热结证,大肠实热证,肠道实热证,肠热腑实证,热结肠燥证
肠道津亏证,肠燥津亏证,大肠津亏证,大肠液亏证
血虚肠燥证,血虚肠结证
阴虚肠燥证,肠燥阴虚证
湿阻肠道证,湿滞肠道证,湿蕴肠道证
肠道气滞证,小肠气滞证
虫积肠道证,虫积小肠证
蛔结肠闭证,虫积肠闭证,虫阻肠闭证
脾胃阴虚证,中焦阴虚证,脾胃虚热证,中焦虚热证
脾胃阳虚证,中焦阳虚证,脾胃虚寒证,中焦虚寒证
脾胃阳虚气滞证,中焦阳虚气滞证,脾胃虚寒气滞证,中焦虚寒气滞证
脾胃气阴两虚证,脾胃气阴亏虚证
脾胃实热证,中焦实热证,脾胃积热证,中焦积热证,脾胃热盛证,中焦热盛证
脾胃湿热证,中焦湿热证,湿热中阻证
脾胃不和证,中焦不和证,脾胃气滞证,中焦气滞证
胃肠实热证,胃肠积热证
食滞胃肠证,食积胃肠证
肠气滞证,气滞胃肠证
瘀滞胃肠证,肠胃瘀滞证,肠胃血瘀证
痰湿中阻证,痰浊中阻证,痰饮中阻证
肝阴虚证,肝阴亏虚证,肝虚热证
肝血虚证,肝血亏虚证
肝气虚证,肝气亏虚证
肝阳虚证,肝阳亏虚证,肝虚寒证
肝阳上亢证,肝阳上扰证,肝阳亢盛证
肝阳暴亢证,风阳暴亢证
肝阴虚阳亢证,阴虚肝旺证
肝郁证,肝郁气滞证,肝气郁结证,肝气郁滞证
肝郁血虚证,血虚肝郁证
肝瘀证,肝血瘀证,肝瘀阻证,肝血瘀阻证,肝经血瘀证,瘀滞肝络证
肝虚血瘀证,血虚肝瘀证,肝瘀血虚证
肝郁化火证,气郁化火证,肝经郁热证
肝郁痰火证,肝郁痰热证,痰热郁肝证
肝瘀痰结证,肝瘀痰阻证
肝火炽盛证,肝火旺盛证,肝火亢盛证
肝经火旺证,肝经火盛证
肝郁湿热证,肝滞湿热证
热毒淤肝证,热毒瘀肝证
寒滞肝脉证,寒滞肝经证,肝经实寒证,肝寒证
肝热动风证,热动肝风证
胆气虚证,胆气亏虚证,胆虚气怯证
胆热痰扰证,胆经痰火证
虫扰胆膈证,虫扰胆腑证
肝胆火旺证,肝胆郁热证,肝胆实热证,肝胆火热证
胆经郁热证,胆火证,胆热证
肾气虚证,肾气亏虚证
肾气不固证,肾虚不固证
肾虚水泛证,肾虚水停证
肾气虚水泛证,肾气虚水停证
肾阳虚水泛证,肾阳虚水停证
肾阳虚证,元阳亏虚证,元阳虚衰证,命门火衰证
肾阴虚证,肾阴虚热证,真阴亏虚证,元阴亏虚证,肾水亏虚证
肾阴虚火旺证,肾阴虚内热证,相火偏旺证
肾精亏虚证,肾气亏虚证
肾虚寒湿证,肾经寒湿证
肾虚寒凝证,阳虚肾寒证
湿热蕴肾证,肾经湿热证
脓毒蕴肾证,肾经脓毒证
膀胱蕴热证,膀胱实热证,膀胱积热证,膀胱蓄热证,热积膀胱证
寒凝胞宫证,寒滞胞宫证,胞宫寒滞证
痰凝胞宫证,痰阻胞宫证,痰湿凝结胞宫证
瘀阻胞宫证,瘀滞胞脉证
胞宫虚寒证,胞宫阳虚证
胞宫湿热证,湿热蕴胞证
胞宫血热证,胞宫积热证
冲任失调证,冲任不调证
冲任瘀阻,名瘀阻冲任证,名瘀阻滞冲任证
痰湿阻滞精室证,痰湿凝结精室证,痰阻精室证
瘀阻精室证,瘀血阻精室证,,瘀阻滞精室证,瘀血阻滞精室证,精室瘀阻证
瘀浊阻滞精室证,精室瘀浊证
惊恐伤肾证,恐伤肾气证
心肾阴虚证,心肾虚热证
心肾不交证,心肾阴虚阳亢证,心肾阴虚火旺证
心肾阳虚证,心肾虚寒证
水气凌心证,肾水凌心证,心肾阳虚水泛证
心肾阴阳两虚证,心肾阴阳亏虚证
心肺热盛证,心肺实热证,心肺火旺证,热炽心肺证
心脾阳虚证,心脾虚寒证
心脾积热证,心脾实热证
心肝火旺证,心肝实热证,心肝热盛证
心肝气血两虚证,心肝气血亏虚证
心胆气虚证,心胆气虚不宁证,心虚胆怯证
肝肾亏虚证,肝肾亏损证,肝肾精血亏虚证,肝肾精血亏损证
肝肾阴虚证,肝肾虚火证
肝肾阴虚阳亢证,肝肾虚阳偏亢证,水不涵木证,肾虚肝旺证,肾虚肝亢证
肝郁脾虚证,肝滞脾虚证,肝脾不调证
肝旺脾虚证,肝木侮土证,脾虚肝旺证
肝脾湿热证,中焦湿热证
肝脾血瘀证,肝脾瘀滞证
肝胃不和证,肝胃不调证,肝气犯胃证
肝胃热盛证,肝胃积热证
肝胃气滞血瘀证,肝胃瘀滞证
肝胃气滞阴虚证,肝胃阴虚气滞证
肝火犯肺证,木火刑金证
肝肺热盛证,肝肺实热证,肝肺实火证
脾肺两虚证,脾肺气虚证,土不生金证
脾肾阳虚证,脾肾虚寒证
脾肾两虚证,脾肾亏虚证
脾肾不固证,脾肾气虚不固证,脾肾气陷证,脾肾气虚下陷证
肺肾气虚证,肾不纳气证,肾失摄纳证
肺肾阳虚证,水寒射肺证
肺胃火热证,肺胃热盛证
肺胃阴虚证,肺胃津亏证
邪袭卫表证,卫表证
风袭表疏证,风邪袭表证,表虚证
风寒束表证,寒邪束表证,表实寒证,风寒表证
风热犯表证,风热犯卫证,风热表证,卫分证
风湿袭表证,湿郁卫分证,湿郁卫表证,表湿证
外燥袭表证,风燥袭表证
温毒袭表证,热毒袭表证,火毒袭表证
湿毒蕴结肌肤证,肌肤湿毒证
热毒蕴结肌肤证,火毒蕴结肌肤证,肌肤热毒证
虫毒蕴肤证,虫毒袭肤证
湿热蕴结肌肤证,肌肤湿热证
湿痰蕴结肌肤证,肌肤痰湿证
风热郁滞肌肤证,风热蕴肤证,肌肤风热证
虫毒侵袭肌肤证,肌肤虫毒证
风水证,风水相搏证,风袭水泛证,风袭水停证
瘀滞肌肤证,肌肤瘀滞证
风痰上扰证,风痰上攻证
痰浊犯头证,痰湿犯头证
风阳上扰证,肝阳上扰证
瘀热犯头证,瘀热上蒙证
风热犯目证,风火犯目证,风热攻目证,风火攻目证
气轮风热证,风热外袭白睛证
气轮湿热证,湿热郁结白睛证
气轮血瘀证,白睛血瘀证
肉轮风热证,胞睑风热外袭
肉轮湿热证,胞睑湿热侵淫证
毒火犯耳证,热毒犯耳证
风寒袭咽证,风寒袭喉证
风热侵咽证,风热侵喉证
热毒攻喉证,火毒攻喉证,胃火燔咽证
瘀阻声带证,瘀血痹阻声带证
瘀阻咽喉证,瘀血痹阻咽喉证
风火犯齿证,风热犯齿证
风邪犯唇证,风邪犯口证
毒火攻唇证,毒火攻口证
湿热蒸口证,湿热蒸唇证
虚火灼口证,虚火灼唇证
血虚唇燥证,血虚口燥证
热毒攻舌证,火毒攻舌证
湿蒙清窍证,湿浊蒙窍证
痰蒙清窍证,痰浊上蒙证,痰浊上扰证,痰湿蒙窍证
风中经络证,风邪袭络证
风痰入络证,风痰阻络证
风热中络证,风热阻络证
寒滞经脉证,风寒袭络证,风寒阻络证
风毒入络证,风毒入脉证
火毒窜络证,热毒窜络证,火毒入络证,热毒入络证
寒湿阻络证,寒湿入络证
痰湿阻络证,痰湿阻痹证
瘀热入络证,血热伤络证,热蕴络瘀证
瘀血阻络证,瘀阻脉络证
风寒湿凝滞筋骨证,风寒湿阻证
伤损筋骨证,筋伤骨断证
络伤出血证,外伤络损证
痰湿流注证,痰湿流注经脉筋骨证
瘀阻胸胁证,瘀滞胸胁证,胸络不和证
瘀血阻膈证,膈下瘀阻证
湿热弥漫三焦证,三焦湿热证
瘀阻下焦证,下焦瘀滞证
表里俱寒证,表里实寒证
表里俱热证,表里实热证
初期,一期
中期,二期
后期,三期
收没期,疹回期
标本兼治,标本同治
扶正祛邪,扶正达邪
扶正固本,扶正培本
祛邪扶正,祛邪安正
寓攻于补,补中寓攻
正治法,逆治法
反治法,从治法
调理阴阳,调平阴阳,调整阴阳
辛温解表,辛温发汗,发表散寒
辛凉解表,辛凉透表
疏风清热,疏风泄热
解表清肺,疏风清肺
疏风和营,和营解表
疏风透疹,解表透疹
滋阴解表,滋阴发汗
助阳解表,助阳发汗
温经解表,温经发汗
开关涌吐,涌吐开关
清热攻下,泻火攻下,清热通腑,泻火通腑,清热通便,泻火通便,苦寒攻下,苦寒通下,峻下热结
温阳通便,温阳通下
攻下冷积,攻下寒积
润燥通便,润肠通便,增液通下,增液润肠,滋阴通下,滋阴攻下,滋阴通便,滋阴攻便
益气通下,益气通便
泻下逐水,攻下逐水,攻逐水饮
解表攻里,发表攻里,解表攻下,发表攻下
解表温里,发汗温里
和解透表,和解祛邪
开达膜原,透达膜原
调和肝脾,调理肝脾
疏肝理脾,疏肝和脾
疏肝健脾,疏肝补脾
抑肝扶脾,被脾泻肝,抑木扶土
调理肠胃,调和肠胃
调理脾胃,调和脾胃
健脾和胃,健中和胃,健脾安胃,健中安胃,补脾和胃,补脾安胃,补中和胃,补中安胃
调和]气血,调理气血,理气和血
调和]气血,调理气血,理气和血
温清并用,寒温并用
调理冲任,调摄冲任
清热泻火,清热降火,苦寒清热,苦寒泄火
辛寒清热,辛寒清气
清热养阴,泻火养阴,清热滋阴,泻火滋阴
清热止渴,泻火止渴
清热解毒,泄热解毒,清热败毒,泄热败毒,泻火解毒,清火解毒,清泻火毒
清热凉血,清气凉血
清热凉营,清气凉营
清热止血,泻火止血
清热透疹,凉营透疹
清热消肿,泻火消肿
清热止痛,泻火止痛
清营泄热,凉营泄热
清营透热,透营转气
凉血清热,凉血泻火
凉血化斑,凉营化斑
清宣郁热,清泄郁热,清宣郁火,清泄郁火,解郁泄热,解郁泻火,清热除烦,清心除烦
清泄虚热,清泄虚火
清泄里热,清泄脏腑
清心泻火,清心泄热
清心导赤,清泻火腑
清心凉血,凉血清心
清肺解毒,宣肺解毒
清肺平喘,清热平喘
清肺止咳,清热止咳
清胃泄热,清胃泄降热,清胃泄火,清胃降火,清泄胃热
清热和胃,清热和中
清胃止血,清胃凉血
清胃滋阴,清胃养阴
清脾泄热,清脾泻火,清泄脾胃伏火
清肝泄火,清肝泻火,清肝泄热,清肝泻热
疏肝清热,疏肝泄热
清肝解毒,泻肝解毒
清泄胆热,清泄胆火
清泻肝胆,清泄肝胆
清肠止泻,清热止泻
清热通淋,泻火通淋
清热生津,泄热生津,清热存津,泄热存津,甘凉清热
宣通气机,宣畅气机
理气解郁,理气开郁,行气解郁,行气开郁,顺气解郁,顺气开郁
疏肝理气,疏肝解郁
疏肝散结,解郁散结,理气散结
疏肝养血,舒肝养血
降逆平喘,下气平喘
宣肺止咳,顺气止咳,降逆止咳
行气和胃,行气健胃,理气和胃,理气健胃,行气宽中,行气除满,行气消痞
行气降逆,顺气降逆
降逆止呕,和胃止呕
理气消痞,行气消痞,理气散结,行气散结
理气破积,行气破积,理气消积,行气消积
理气止痛,行气止痛
理气通络,行气通络,理气和络,行气和络
理气化瘀,行气化瘀,理气祛瘀,行气祛瘀,理气活血,行气活血
理气调经,行气调经
理气安胎,调气安胎
理气消肿,行气消肿
活血化瘀,活血祛瘀,活血散瘀
行血祛瘀,行血逐瘀
破血行瘀,破血逐瘀
攻下逐瘀,攻逐瘀血
和营行瘀,和营活血
化瘀清热,清热化瘀
凉血化瘀,凉血散瘀,凉血破瘀
活血行滞,活血行气
活血消积,活血消症
化瘀消积,破瘀消积,化瘀消症,破瘀消症
活血散结,化瘀散结
破瘀散结,祛瘀散结,破瘀软坚,祛瘀软坚
祛瘀生新,化瘀生新
活血养血,和血养血,祛瘀养血,化瘀养血
祛瘀通络,化瘀通络,行瘀通络
化瘀消肿,祛瘀消肿,散瘀消肿,破瘀消肿
活血舒筋,祛瘀舒筋
活血祛风,活血搜风
活血止痛,活血通络止痛
化瘀止痛,祛瘀止痛,散瘀止痛
化瘀止血,祛瘀止血
和络,通络,活络
宣痹和络,通痹和络
活血通痹,化瘀通痹
舒筋和络,舒筋通络
活血调经,和血调经
祛瘀下胎,化瘀下胎,祛瘀催产,化瘀催产
辟秽化浊,芳香化浊,辟秽泄浊,芳香泄浊
分清降浊,分清泄浊,分清泌浊
轻清宣化,轻清芳化,清宣化浊
利湿化浊,祛湿化浊
宣散湿邪,宣散湿浊
行气化湿,理气化湿
化湿和营,燥湿和营
化湿和中,化湿醒脾,化湿运脾,化湿健脾
健脾化湿,扶脾化湿,健脾祛湿,扶脾祛湿
健脾渗湿,健脾利湿,渗湿健脾
燥湿运脾,燥湿健脾
淡渗分利,淡渗祛湿
宽中利湿,宽中化湿
清心利湿,清心利水,清心利膀胱
燥湿行气,燥湿行滞
燥湿和胃,燥湿和中
祛风燥湿,疏风燥湿,祛风化湿,疏风化湿
散寒除湿,散寒祛湿,散寒燥湿
清热祛湿,清热除湿
清泄湿热,化湿泄热
清利三焦,清化三焦,清利三焦湿热,清化三焦湿热
清利中焦,清利中焦湿热
清利脾胃,清利脾胃湿热
清利脾经,清利脾经湿热
清利肝胆,清利肝胆湿热
清利肝经,清利肝经湿热
清利肠道,清利湿热
清利膀胱,清利膀胱湿热
清利下焦,清利下焦湿热
清宣上焦,清宣上焦湿热
清热燥湿解毒,泄热燥湿解毒,清热化湿解毒,泄热化湿解毒
渗湿利水,渗湿利尿,利水渗湿,利水除湿
健脾利水,温脾利水,健脾制水,温脾制水
宣肺利水,泻肺利水,宣肺行水,泻肺行水
疏风利水,祛风利水
解表利水,发表利水,发汗行水
化气利水,化气行水
除湿通络,化湿通络
除湿止痛,祛湿止痛
祛湿除满,燥湿除满,祛湿除痞,燥湿除痞,祛湿散满,燥湿散痞,燥湿散满,祛湿散痞
除湿止痒,祛湿止痒,燥湿止痒
除湿止带,祛湿止带
祛湿止泻,渗湿止泻,化湿止泻
祛湿宣痹,化湿宣痹
轻宣润燥,轻宣外燥
祛风润燥,疏风润燥
轻宣凉燥,散寒润燥
清肺润燥,清燥润肺
滋阴润燥,养阴润燥
养血润燥,补血润燥
润肤止痒,润燥止痒
润燥止咳,润肺止咳
补气,益气,扶正补气,扶正益气
补气生血,益气生血
补气活血,补气祛瘀,补气行瘀,益气活血,益祛瘀,益气行瘀
补气生津,益气生津
益气退热,甘温除热
益气下胎,益气催产
补气化湿,益气化湿,补气祛湿,益气祛湿
补益心气,补心益气
补益肺气,补肺益气
补益中气,补脾健胃,补脾益胃,补中益气
补脾益气,健脾益气,补脾补气,健脾补气
补脾止泻,补脾止泄
补气升提,益气升提,补脾升阳,益气升阳,升阳益气
补气摄血,补脾摄血,补气统血,补脾统血
补益肝气,补肝益气
补益肾气,补肾益气
补肾扶元,补肾培元
补肾纳气,补肾益肺,纳气平喘
补肾安胎,补气安胎
补益心肺,补心益肺
补脾益肺,培土生金
补益脾肾,补脾益肾
大补真阴,填补真阴
滋补心肺,滋养心肺
滋补肝胃,滋养肝胃
滋补脾胃,滋养脾胃
滋补肝肾,滋养肝肾,滋肾养肝,滋水涵木
滋补心肾,滋养心肾
滋补肺肾,滋养肺肾
滋补肺胃,滋养肺胃
滋阴生津,养阴生津
滋阴潜阳,育阴潜阳
坚阴止痢,养阴止痢,育阴止痢
滋阴解毒,滋阴清热解毒
滋阴化湿,滋阴利湿
滋阴通便,滋阴润肠
补阳益气,温阳益气
补阳,壮阳,温阳
温补脾阳,温运脾阳
温补胃阳,温阳益胃,温中益胃,温阳和胃,温中和胃
温补肾阳,温补肾气,温肾壮阳,补肾壮阳
温补下元,温补元阳
补肾止泻,温肾止泻
温中涩肠,温脾涩肠,温中止泻,温脾止泻
温中止血,温脾止血
温阳行气,温阳理气
温阳宣痹,温阳通痹
温阳散结,温通散结
温阳活血,温阳化瘀
温阳止痢,温中止痢
温阳利水,温阳化水,温阳行水
补益气血,补气养血
调补气血,调养气血
补益肝脾,补益肝脾气血
补益心脾,补益心脾气血
补益心肝,补益心肝气血
滋阴补阳,滋阴温阳
益气滋阴,益气养阴,滋阴益气,养阴益气
补益精髓,补精益髓,补精填髓,补肾益髓,补肾填髓
补肾益精,补肾填精
回阳,回阳救急
回阳救逆,扶阳救逆
回阳固脱,温阳固脱
回阳通脉,回阳生脉
温阳散寒,温里散寒
温中散寒,温中祛寒
温肾散寒,温肾祛寒
温通小肠,散寒温肠
温经散寒,温经祛寒
暖宫散寒,温经暖宫
温通经脉,温通血脉
温经通络,温阳通络
散寒宣痹,祛寒宣痹
祛暑清热,涤暑清热
祛暑解表,解表清暑,透表清暑
祛暑利湿,清暑利]湿,祛暑化湿,清暑化湿
疏散风邪,疏散外风
祛风解肌,疏风解肌
疏风解毒,驱风解毒,疏散风毒
祛风通络,搜风通络,疏风通络
祛风止痛,疏风止痛
平肝熄风,镇肝熄风
清热熄风,泻火熄风
清肝熄风,凉肝熄风
滋阴熄风,养阴熄风
养血熄风,和血熄风
豁痰熄风,涤痰熄风,化痰熄风
平肝潜阳,平肝潜镇
熄风解痉,熄风定痉,镇痉熄风
祛风解痉,祛风解［镇痉,祛风止痉
宣肺化痰,宣肺祛痰,豁痰宣肺
燥湿化痰,祛湿化痰,化痰除湿,豁痰除湿,化痰燥湿,豁痰燥湿
清热化痰,清热祛痰,清化热痰
泻火涤痰,清火涤痰,泻火化痰,清火化痰
清肺化痰,清金化痰
润燥化痰,润肺化痰,润化燥痰
温化寒痰,温阳化痰
祛寒化痰,散寒化痰
祛风化痰,治风化痰
理气化痰,行气化痰,理气祛痰,行气祛痰
降气化痰,降逆化痰,化痰降气,祛痰降气
化痰止咳,祛痰止咳
润燥化痰,润肺化痰,润化燥痰
温化寒痰,温阳化痰
祛寒化痰,散寒化痰
祛风化痰,治风化痰
理气化［痰,行气化痰,理气祛痰,行气祛痰
降气化痰,降逆化痰,化痰降气,祛痰降气
化痰止咳,祛痰止咳
化痰平喘,祛痰平喘
解表化饮,解表蠲饮
温阳化饮,温化寒饮,温散寒饮
化饮平喘,化饮定哮
化痰通络,化痰搜络
化痰散结,涤痰散结,化痰破结,涤痰破结,化痰散[破]结,祛痰软坚,豁痰软坚
化痰消瘿,化痰消瘤
开窍通闭,通窍开闭
清热开窍,泄热开窍
辛凉开窍,辛凉通窍
宁心开窍,宁神开窍
芳香开窍,辟秽开窍,芳香通窍,辟秽通窍
散寒开窍,散寒通窍,散寒开闭,散寒通闭,辛温开窍,辛温通窍
利湿开窍,化湿开窍,利湿通窍,化湿通窍
化痰开窍,祛痰开窍,涤痰开窍,豁痰开窍
温脏安蛔,温中安蛔,温脏驱蛔,温中驱蛔,安蛔定痛,安蛔缓痛
健脾驱虫,补脾驱虫
杀虫消疳,杀虫消积
重镇安神,潜镇安神
安神定志,宁心定志,安神定悸,宁心定悸
养心安神,补心安神
益气安神,益气定神
滋阴安神,养阴安神
和中安神,和胃安神
镇惊安神,镇心安神
消食导滞,消食化滞
消食和中,消食和胃
清热导滞,泄热导滞
和中消痞,和胃消痞
软坚散结,软坚消瘿,软坚消癥,软坚消肿
破积散结,破积消癥,破积消聚
益气散结,益气消癥
固表止汗,固表敛汗,敛汗固表
益气固表,补气固表
扶阳固表,助阳固表
敛阴固表,敛阴止汗
涩肠止泻,固肠止泻
涩肠止痢,固涩止痢
补肾摄精,固肾摄精
固崩止血,固崩止漏
固冲止血,固冲摄血
固摄止血,摄血止血
固冲止带,固肾止带,固涩止带
固涩敛乳,补气敛乳,固涩摄乳,补气摄乳
固摄敛泪,收敛止泪
固脬止遗,固脬止尿,固脬止淋,补气因脬
补气固摄,益气固摄
固护阴液,敛阴固脱
温阳固脱,温涩固脱
升提固涩,升清固涩
补肾固涩,固摄下元,固摄肾气
温肾固涩,温肾固下,温肾固脱
温肾固冲,补肾固冲
活血解毒,散血解毒,解毒化癌,解毒通络
排脓解毒,排脓托毒
扶正解毒,补益托毒,扶正托毒,托毒外出,托毒透邪
托毒护心,托里护心
发汗解毒,发汗驱毒
解毒消肿,化毒消肿,解毒散结,化毒散结
消肿软坚,消肿溃坚
祛腐消肿,去腐消肿
祛瘀排脓,散瘀排脓,逐瘀排脓
提脓祛腐,提脓去腐,祛腐排脓,祛腐提脓
托里排脓,托里透脓
托毒排脓,托毒透脓
祛腐生肌,去腐生肌
去毒生肌,排毒生肌
清解余毒,清透伏邪
祛风明目,疏风明目,搜风明目
清热明目,清肝明目,泻火明目,泄热明目
化瘀明目,活血明目,祛瘀明目
养血明目,养肝明目
通耳窍,利耳窍
疏风宣耳,祛风宣耳,疏风通耳,祛风通耳
泻肝清耳,泻胆清耳
除湿利耳,祛湿利耳,除湿通耳,祛湿通耳
祛痰利耳,祛痰通耳
滋阴濡耳,养阴濡耳
滋肝濡耳,滋肾濡耳
益气煦鼻,益补气煦鼻,益气通鼻,补气通鼻
温阳通鼻,升阳通鼻
滋阴通鼻,养阴通鼻,滋阴润鼻,养阴润鼻,滋阴濡鼻,养阴濡鼻
解毒利鼻,解毒通鼻
除湿利鼻,化浊利鼻,除湿通鼻,化浊通鼻
芳香通鼻,芳香通窍
疏风利咽,疏风利喉
散寒利咽,散寒利喉
清胃利咽,清胃利喉
祛痰利咽,祛痰利喉
理气利咽,理气利喉
逐瘀利咽,活血利咽
益气利咽,益气健喉
滋阴润咽,滋阴利咽
滋阴润喉,滋阴利喉
生津利咽,润燥利咽
行气开音,理气开音
补血健齿,养血健齿,补血固齿,养血固齿
降火固齿,清热固齿
祛湿利齿,化浊利齿,祛痰利齿
壮水制阳,滋阴抑阳
益火消阴,壮阳消阴
引火归原,导龙入海
散结,软坚
体针疗法,毫针疗法
点刺疗法,快速浅刺疗法
割治疗法,割脂疗法
挑治疗法,挑针疗法,针挑疗法,截根法
挑疳积法,挑四缝法
雷火针灸疗法,雷火神针疗法
太乙针灸疗法,太乙神针疗法
拔罐疗法,吸筒疗法
水针疗法,穴位注射疗法
电离子导入疗法,电药离子透入疗法,电离子透入疗法,电药离子导入疗法,直流电离子导入疗法,直流电药离子导入疗法,直流电离子透入疗法,直流电药离子透入疗法
推拿疗法,按摩疗法
小儿推拿疗法,小儿按摩疗法
捏脊疗法,捏积疗法
正骨推拿疗法,伤科推拿疗法,正骨按摩疗法,伤科按摩疗法
拍击疗法,棒击疗法
喉科擎拿疗法,喉科擒拿疗法
药熨疗法,热熨疗法
膏药疗法,名薄贴疗法
脐疗,敷脐疗,脐疗法,敷脐疗法
熏蒸疗法,汽浴疗法
放血疗法,针刺放血疗法
发泡疗法,天灸疗法
烧蚀疗法,点灼疗法
撮痧疗法,捏痧疗法,抓痧疗法
药筒疗法,药罐疗法
神灯照疗法,神火照疗法
吹耳疗法,耳内吹粉疗法
滴耳疗法,药液滴耳疗法
药末吹耳疗法,药末喷耳疗法
鼓气吹张疗法,咽鼓管鼓气吹张疗法
塞鼻疗法,药物塞鼻疗法
吹鼻疗法,吸药疗法,散剂吹鼻疗法,散剂吸药疗法
取嚏疗法,催嚏疗法,取嚏开窍疗法,催嚏开窍疗法
含漱疗法,药液漱口疗法
擦牙疗法,擦牙开噤疗法
吹喉疗法,咽部涂药疗法
药栓疗法,坐药疗法
药线疗法,药捻疗法
结扎疗法,缠扎疗法
夹板固定疗法,夹缚固定疗法
食疗,食物疗,食疗法,食物疗法
情志疗法,精神疗法
语言开导疗法,劝说开导疗法
以情胜情疗法,情志易性疗法
顺意疗法,顺情从欲疗法
药肚疗法,兜肚疗法
打灯火疗法,烧灯火疗法,爆灯火疗法
蜂毒疗法,蜂螫疗法