id,name,type
782,嗳气不适,症状
783,嗳气频作 ,症状
784,嗳气叹息 ,症状
785,暧气 ,症状
786,暧气厌食 ,症状
787,按头疼痛 ,症状
788,按压疼痛 ,症状
789,按之痛甚 ,症状
790,按之有索状物通向肛内 ,症状
791,按之作痛 ,症状
792,白睛淡红 ,症状
793,白睛发小泡 ,症状
794,白睛干燥 ,症状
795,白睛红赤 ,症状
796,白睛红赤壅肿 ,症状
797,白睛红肿 ,症状
798,白睛混赤 ,症状
799,白睛结节隆 ,症状
800,白睛结节隆起 ,症状
801,白睛轮红 ,症状
802,白睛微红 ,症状
803,白睛溢血 ,症状
804,白睛瘀血 ,症状
805,半身不遂 ,症状
806,伴面色苍白 ,症状
807,伴有恶寒发热 ,症状
808,伴有发热 ,症状
809,伴有头晕 ,症状
810,胞睑 ,症状
811,胞睑红赤 ,症状
812,胞睑红肿 ,症状
813,胞睑厚硬 ,症状
814,胞睑青紫肿胀 ,症状
815,胞睑微红 ,症状
816,胞睑硬结 ,症状
817,胞睑眨动 ,症状
818,胞睑振跳 ,症状
819,胞睑肿胀 ,症状
820,抱轮红赤 ,症状
821,抱轮微红 ,症状
822,悲忧善哭 ,症状
823,鼻干无涕 ,症状
824,鼻鼾身热 ,症状
825,鼻寒 ,症状
826,鼻流清涕 ,症状
827,鼻衄 ,症状
828,鼻衄或咳血 ,症状
829,鼻衄渗出 ,症状
830,鼻腔粘膜干燥充血 ,症状
831,鼻塞 ,症状
832,鼻塞流清涕 ,症状
833,鼻塞流涕 ,症状
834,鼻涕白粘 ,症状
835,鼻涕量多 ,症状
836,鼻涕清稀 ,症状
837,鼻血色深红 ,症状
838,鼻咽干燥 ,症状
839,鼻翼煽动 ,症状
840,鼻粘膜充血 ,症状
841,鼻粘膜充血甲肿大 ,症状
842,鼻粘膜充血肿胀 ,症状
843,鼻粘膜允血 ,症状
844,鼻粘膜肿胀 ,症状
845,鼻中出血量多 ,症状
846,壁厚液少 ,症状
847,臂软难举 ,症状
848,扁桃体暗红 ,症状
849,便干 ,症状
850,便干夹血 ,症状
851,便干尿赤 ,症状
852,便干溲赤 ,症状
853,便结 ,症状
854,便结尿黄 ,症状
855,便解不畅 ,症状
856,便秘 ,症状
857,便秘尿赤 ,症状
858,便秘尿黄 ,症状
859,便秘溲赤 ,症状
860,便时疼痛 ,症状
861,便溏 ,症状
862,便溏腹痛 ,症状
863,便溏色黑 ,症状
864,便溏溲清 ,症状
865,便溏溲少 ,症状
866,便下鲜血 ,症状
867,便泄 ,症状
868,便血 ,症状
869,表面光滑 ,症状
870,表面圆锥形硬结 ,症状
871,表皮剥脱 ,症状
872,表皮色红 ,症状
873,表起白屑 ,症状
874,病程缓慢 ,症状
875,病程较长 ,症状
876,病程延长 ,症状
877,病颐部肿痛 ,症状
878,不发热 ,症状
879,不红不痛 ,症状
880,不渴 ,症状
881,不能平卧 ,症状
882,不省人事 ,症状
883,不思乳食 ,症状
884,不思饮食 ,症状
885,不听管教 ,症状
886,不消化食物 ,症状
887,不欲饮水 ,症状
888,不肿胀 ,症状
889,不自主动作 ,症状
890,步履不利 ,症状
891,步履沉重乏力 ,症状
892,苍白 ,症状
893,嘈杂 ,症状
894,嘈杂烦渴 ,症状
895,嘈杂泛酸 ,症状
896,嘈杂吐酸 ,症状
897,侧耳下腮部肿大 ,症状
898,常白汗出 ,症状
899,常易外感 ,症状
900,朝轻暮重 ,症状
901,潮热盗汗 ,症状
902,彻夜不眠 ,症状
903,晨僵 ,症状
904,晨僵屈伸不利 ,症状
905,呈灰白色 ,症状
906,眵多胶结 ,症状
907,痴呆 ,症状
908,持续喘哮 ,症状
909,持续高热 ,症状
910,赤脉较粗 ,症状
911,赤脉伸人 ,症状
912,赤脉长入 ,症状
913,赤膜伸人 ,症状
914,赤膜下垂 ,症状
915,瘛疯抽搐 ,症状
916,抽掣而痛 ,症状
917,抽搐 ,症状
918,出现丘疹 ,症状
919,出血 ,症状
920,初硬渐软 ,症状
921,触痛明显 ,症状
922,触之不热 ,症状
923,穿孔 ,症状
924,传导性耳聋 ,症状
925,喘促日久 ,症状
926,喘促胸满 ,症状
927,喘急胸闷 ,症状
928,喘咳胸闷 ,症状
929,喘息不得卧 ,症状
930,喘息短促无力 ,症状
931,疮 ,症状
932,疮口脓水不断 ,症状
933,疮面色暗 ,症状
934,疮形平塌 ,症状
935,创口污秽或黄液上冲 ,症状
936,创面色红 ,症状
937,唇红而干 ,症状
938,唇红口干 ,症状
939,唇甲青紫 ,症状
940,唇甲紫绀 ,症状
941,唇色紫褐 ,症状
942,唇紫口燥 ,症状
943,刺痛皲裂 ,症状
944,刺痒 ,症状
945,猝然昏仆 ,症状
946,猝然仆倒 ,症状
947,痤疮 ,症状
948,大便白粘冻状 ,症状
949,大便不畅 ,症状
950,大便不成形 ,症状
951,大便不干 ,症状
952,大便不能自控 ,症状
953,大便不实 ,症状
954,大便赤白脓血 ,症状
955,大便带血 ,症状
956,大便滴血 ,症状
957,大便干 ,症状
958,大便干结 ,症状
959,大便干实 ,症状
960,大便干燥 ,症状
961,大便干燥数日一行 ,症状
962,大便或溏 ,症状
963,大便两三日一行 ,症状
964,大便秘结 ,症状
965,大便秘结或 ,症状
966,大便偏干 ,症状
967,大便频数 ,症状
968,大便色淡 ,症状
969,大便色黑 ,症状
970,大便时溏 ,症状
971,大便数次 ,症状
972,大便酸臭 ,症状
973,大便溏 ,症状
974,大便溏薄 ,症状
975,大便溏垢 ,症状
976,大便溏泄酸臭 ,症状
977,大便稀薄 ,症状
978,大便稀糊 ,症状
979,大便稀溏 ,症状
980,大便下虫 ,症状
981,大便下血 ,症状
982,大便鲜紫 ,症状
983,大便硬结 ,症状
984,大便有白色节片 ,症状
985,大便有虫卵 ,症状
986,大便欲解不得 ,症状
987,大便燥结 ,症状
988,大便质干硬 ,症状
989,大便状如羊屎 ,症状
990,大汗淋漓 ,症状
991,带秽臭味 ,症状
992,带下量多 ,症状
993,带下清稀 ,症状
994,单以口角 ,症状
995,但寒不热 ,症状
996,但热不寒 ,症状
997,淡漠少语 ,症状
998,盗汗 ,症状
999,盜汗 ,症状
1000,登高时歌 ,症状
1001,低热 ,症状
1002,低热不退 ,症状
1003,低热缠绵 ,症状
1004,低热出汗 ,症状
1005,低热起伏 ,症状
1006,巅顶掣痛 ,症状
1007,典衄 ,症状
1008,点头呼吸 ,症状
1009,动则喘咳 ,症状
1010,动则喘息 ,症状
1011,动作笨拙 ,症状
1012,多眵 ,症状
1013,多动不安 ,症状
1014,多汗 ,症状
1015,多汗肤凉 ,症状
1016,多汗肢冷 ,症状
1017,多见小孩 ,症状
1018,多梦 ,症状
1019,多梦易醒 ,症状
1020,多尿 ,症状
1021,多尿次频 ,症状
1022,多时不净 ,症状
1023,多食无力 ,症状
1024,多食易饥 ,症状
1025,多痰 ,症状
1026,多形体肥胖 ,症状
1027,多言善惊 ,症状
1028,多走疼痛 ,症状
1029,呃逆 ,症状
1030,呃逆呕吐 ,症状
1031,恶臭 ,症状
1032,恶风 ,症状
1033,恶风发热 ,症状
1034,恶风寒 ,症状
1035,恶风自汗 ,症状
1036,恶寒 ,症状
1037,恶寒发热 ,症状
1038,恶寒怕冷 ,症状
1039,恶寒少汗 ,症状
1040,恶寒畏风 ,症状
1041,恶闻油腥 ,症状
1042,恶心 ,症状
1043,恶心纳少 ,症状
1044,恶心呕吐 ,症状
1045,恶心食少 ,症状
1046,恶心欲吐 ,症状
1047,儿童及产妇多见 ,症状
1048,而色苍白 ,症状
1049,而色淡白 ,症状
1050,而色?白 ,症状
1051,而色萎黄 ,症状
1052,耳聋 ,症状
1053,耳聋R眩 ,症状
1054,耳聋日久 ,症状
1055,耳鸣 ,症状
1056,耳鸣耳聋 ,症状
1057,耳鸣如蝉 ,症状
1058,耳内流脓 ,症状
1059,耳深部痛 ,症状
1060,耳胀不适 ,症状
1061,耳胀闷 ,症状
1062,耳中胀闷 ,症状
1063,二便失禁 ,症状
1064,二便自遗 ,症状
1065,发剧痒 ,症状
1066,发热 ,症状
1067,发热多汗 ,症状
1068,发热恶风 ,症状
1069,发热恶寒 ,症状
1070,发热烦躁 ,症状
1071,发热渐退 ,症状
1072,发热咳嗽 ,症状
1073,发热口渴 ,症状
1074,发热气促 ,症状
1075,发热轻 ,症状
1076,发热神烦 ,症状
1077,发热头痛 ,症状
1078,发稀枕秃 ,症状
1079,发于胎儿 ,症状
1080,发于夏秋 ,症状
1081,发于撞击之后 ,症状
1082,乏力 ,症状
1083,烦渴 ,症状
1084,烦渴多饮 ,症状
1085,烦渴面红 ,症状
1086,烦渴饮冷 ,症状
1087,烦热 ,症状
1088,烦热不安 ,症状
1089,烦热口干 ,症状
1090,烦热口苦 ,症状
1091,烦热颧红 ,症状
1092,烦躁 ,症状
1093,烦躁不安 ,症状
1094,烦躁不宁 ,症状
1095,烦躁多啼 ,症状
1096,烦躁口干 ,症状
1097,烦躁哭闹 ,症状
1098,烦躁易怒 ,症状
1099,反复不愈 ,症状
1100,反复咯血 ,症状
1101,反复惊厥 ,症状
1102,泛泛欲吐 ,症状
1103,泛吐多量粘液白沫 ,症状
1104,泛吐清水 ,症状
1105,泛吐痰涎 ,症状
1106,分热起伏 ,症状
1107,粪色黄褐 ,症状
1108,风轮赤豆 ,症状
1109,风团红斑 ,症状
1110,肤色苍白冰凉 ,症状
1111,浮肿较剧 ,症状
1112,俯仰不利 ,症状
1113,腐肉不化 ,症状
1114,腐肉难脱 ,症状
1115,复视 ,症状
1116,腹部冷痛 ,症状
1117,腹部胀满 ,症状
1118,腹大胸满 ,症状
1119,腹大胀急 ,症状
1120,腹大胀满 ,症状
1121,腹满 ,症状
1122,腹满便秘 ,症状
1123,腹满喜伏卧 ,症状
1124,腹满胁痛 ,症状
1125,腹满胀痛 ,症状
1126,腹痛 ,症状
1127,腹痛肠鸣 ,症状
1128,腹痛剧烈 ,症状
1129,腹痛泄泻 ,症状
1130,腹无胀痛 ,症状
1131,腹泻 ,症状
1132,腹张 ,症状
1133,腹胀 ,症状
1134,腹胀便秘 ,症状
1135,腹胀便溏 ,症状
1136,感眼紧涩 ,症状
1137,干咳少痰 ,症状
1138,干咳无痰 ,症状
1139,干呕吐唾沫 ,症状
1140,干涩 ,症状
1141,干涩不舒 ,症状
1142,干涩刺痒 ,症状
1143,干硬难解 ,症状
1144,干燥 ,症状
1145,肛门发痒 ,症状
1146,肛门骚痒 ,症状
1147,肛门疼痛 ,症状
1148,肛门肿痛灼热 ,症状
1149,肛门灼热 ,症状
1150,肛门作痒 ,症状
1151,肛周溃口 ,症状
1152,高歌狂呼 ,症状
1153,高热 ,症状
1154,高热寒战 ,症状
1155,高热神昏 ,症状
1156,高热无汗 ,症状
1157,髙热 ,症状
1158,髙热惊厥 ,症状
1159,髙热口渴 ,症状
1160,咯痰 ,症状
1161,咯痰清稀色白 ,症状
1162,咯痰色白 ,症状
1163,咯痰色黄 ,症状
1164,咯痰无力 ,症状
1165,咯痰粘白 ,症状
1166,咯痰粘稠 ,症状
1167,咯吐不爽 ,症状
1168,咯血鲜红 ,症状
1169,根脚散漫 ,症状
1170,根脚收束 ,症状
1171,攻窜胁背 ,症状
1172,垢腻胶粘 ,症状
1173,骨节酸楚 ,症状
1174,骨节酸痛 ,症状
1175,鼓膜充血 ,症状
1176,固定不移 ,症状
1177,关节不能屈仲 ,症状
1178,关节刺痛 ,症状
1179,关节红肿刺痛 ,症状
1180,关节红肿疼痛 ,症状
1181,关节畸形 ,症状
1182,关节漫肿 ,症状
1183,关节屈伸不利 ,症状
1184,关节屈仲受限 ,症状
1185,关节酸痛 ,症状
1186,关节疼痛 ,症状
1187,关节疼痛肿胀 ,症状
1188,关节痛 ,症状
1189,关节隐隐酸痛 ,症状
1190,关节隐隐作痛 ,症状
1191,关节肿胀 ,症状
1192,关节肿胀疼痛 ,症状
1193,关节重着 ,症状
1194,灌热颧红 ,症状
1195,寒多热少 ,症状
1196,寒热不清 ,症状
1197,寒热头痛 ,症状
1198,寒热往来 ,症状
1199,寒战高热 ,症状
1200,寒战壮热 ,症状
1201,汗闭 ,症状
1202,汗出 ,症状
1203,汗出不畅 ,症状
1204,汗出不解 ,症状
1205,汗出不温 ,症状
1206,汗出较多 ,症状
1207,汗出气短 ,症状
1208,汗出热退 ,症状
1209,汗出如油 ,症状
1210,汗出肢冷 ,症状
1211,汗多 ,症状
1212,焊躁 ,症状
1213,行动艰难 ,症状
1214,毫毛脱落 ,症状
1215,嚎叫哭闹 ,症状
1216,好动多啼 ,症状
1217,好发脾气 ,症状
1218,黑睛混浊 ,症状
1219,黑睛溃疡 ,症状
1220,黑睛凝腊 ,症状
1221,黑睛凝翳 ,症状
1222,黑睛破损 ,症状
1223,黑睛星点密集 ,症状
1224,黑睛星翳 ,症状
1225,红斑 ,症状
1226,红赤难退 ,症状
1227,红赤凝定 ,症状
1228,红赤压痛 ,症状
1229,红丝粗肿明显 ,症状
1230,红肿高突 ,症状
1231,喉间梗塞 ,症状
1232,喉间痰鸣 ,症状
1233,喉间痰声漉漉 ,症状
1234,喉有痰声 ,症状
1235,喉中痰多 ,症状
1236,喉中痰鸣 ,症状
1237,喉中哮鸣如吼 ,症状
1238,喉中哮鸣有声 ,症状
1239,呼吸不畅 ,症状
1240,呼吸短促 ,症状
1241,呼吸急促 ,症状
1242,呼吸困难 ,症状
1243,呼吸浅促 ,症状
1244,呼吸深快 ,症状
1245,呼吸微弱 ,症状
1246,呼吸息促 ,症状
1247,环鸣头晕 ,症状
1248,患眼沙涩 ,症状
1249,患肢浮肿 ,症状
1250,患肢红丝较细 ,症状
1251,患肢剧痛 ,症状
1252,患趾幕暖怕冷 ,症状
1253,患趾酸胀疼痛 ,症状
1254,黄白色分泌物附着 ,症状
1255,黄痂污秽 ,症状
1256,黄痂粘着 ,症状
1257,黄色晦滞 ,症状
1258,黄水浸淫 ,症状
1259,黄液上冲 ,症状
1260,惶恐不安 ,症状
1261,秽臭不爽 ,症状
1262,昏愦不语 ,症状
1263,昏睡 ,症状
1264,婚后未生育 ,症状
1265,婚久不孕 ,症状
1266,活动不利 ,症状
1267,活动侧疼痛加剧 ,症状
1268,活动艰难 ,症状
1269,或乳房作胀 ,症状
1270,或有闷咳 ,症状
1271,或瘐黄带血 ,症状
1272,饥不欲食 ,症状
1273,肌肤绷急 ,症状
1274,肌肤不仁 ,症状
1275,肌肤干燥 ,症状
1276,肌肤甲错 ,症状
1277,肌肤枯燥 ,症状
1278,肌肤麻木 ,症状
1279,肌肤色紫暗 ,症状
1280,肌紧张 ,症状
1281,肌肉腐烂 ,症状
1282,肌肉关节酸楚 ,症状
1283,肌肉关节酸软无力 ,症状
1284,肌肉松软 ,症状
1285,肌肉疼痛酸楚 ,症状
1286,肌肉萎缩 ,症状
1287,肌肉硬实 ,症状
1288,极度消瘦 ,症状
1289,急躁易怒 ,症状
1290,记忆力差 ,症状
1291,继全身浮肿 ,症状
1292,悸动不安 ,症状
1293,痂皮剥落 ,症状
1294,夹紫黯血块 ,症状
1295,甲板色红 ,症状
1296,甲板色泽不荣 ,症状
1297,甲沟红肿 ,症状
1298,间有血块 ,症状
1299,肩部酸痛 ,症状
1300,睑闭不开 ,症状
1301,睑结膜面紫红色 ,症状
1302,睑内血管模糊 ,症状
1303,睑弦红赤 ,症状
1304,睑弦红肿溃烂 ,症状
1305,见风头痛 ,症状
1306,见急性鼻炎后期 ,症状
1307,见异物状 ,症状
1308,件格暴躁 ,症状
1309,健忘 ,症状
1310,渐有萎缩 ,症状
1311,角弓反张 ,症状
1312,节律不匀 ,症状
1313,结节隆起 ,症状
1314,结节如豆 ,症状
1315,结节色黄或红 ,症状
1316,结节疏松 ,症状
1317,结块高凸 ,症状
1318,结块疼痛 ,症状
1319,结块肿胀 ,症状
1320,结色灰黄 ,症状
1321,睫毛脱落 ,症状
1322,解时刺痛 ,症状
1323,筋粗筋结 ,症状
1324,筋结 ,症状
1325,筋脉红肿热痛 ,症状
1326,紧偎母怀 ,症状
1327,噤口不食 ,症状
1328,经行发热 ,症状
1329,经行量多色鲜 ,症状
1330,经行量少 ,症状
1331,经行量少色红 ,症状
1332,经行量少质稀 ,症状
1333,经行小腹冷痛 ,症状
1334,经来量多 ,症状
1335,经量少 ,症状
1336,经量少色鲜 ,症状
1337,经前发热 ,症状
1338,经前期乳房胀痛 ,症状
1339,经前乳胀 ,症状
1340,经前头痛目胀 ,症状
1341,经色黯黑有块 ,症状
1342,经色紫黯 ,症状
1343,经事紊乱 ,症状
1344,经血量多 ,症状
1345,经血量少 ,症状
1346,精神不振 ,症状
1347,精神倦怠 ,症状
1348,精神疲乏 ,症状
1349,精神尚可 ,症状
1350,精神稍差 ,症状
1351,精神食惫 ,症状
1352,精神萎靡 ,症状
1353,精神抑郁 ,症状
1354,颈部僵硬 ,症状
1355,颈项背部犟痛 ,症状
1356,颈项强直 ,症状
1357,颈项疼痛 ,症状
1358,痉厥 ,症状
1359,久难消散 ,症状
1360,久泻不止 ,症状
1361,拘急不舒 ,症状
1362,拘急麻木 ,症状
1363,拘挛疼痛 ,症状
1364,局部红赤肿胀 ,症状
1365,局部红肿 ,症状
1366,局部红肿灼热 ,症状
1367,局部畏寒怕冷 ,症状
1368,局部硬结 ,症状
1369,局部肿胀隆突 ,症状
1370,局部灼热 ,症状
1371,局限性抽搐 ,症状
1372,局限性皮痹 ,症状
1373,咀嚼无力 ,症状
1374,拒按 ,症状
1375,拒食 ,症状
1376,剧痒 ,症状
1377,倦怠 ,症状
1378,倦怠乏力 ,症状
1379,倦怠懒言 ,症状
1380,咳喘哮鸣 ,症状
1381,咳而伴喘 ,症状
1382,咳久痰少 ,症状
1383,咳呛气逆 ,症状
1384,咳呛咽燥 ,症状
1385,咳声低微 ,症状
1386,咳声嘶哑 ,症状
1387,咳声重浊 ,症状
1388,咳嗽 ,症状
1389,咳嗽咯痰 ,症状
1390,咳嗽气粗 ,症状
1391,咳嗽气急 ,症状
1392,咳嗽声重 ,症状
1393,咳嗽痰喘 ,症状
1394,咳嗽痰多清稀 ,症状
1395,咳嗽痰黄 ,症状
1396,咳嗽无力 ,症状
1397,咳痰不爽 ,症状
1398,咳痰稀白 ,症状
1399,咳吐大量泡沫痰涎 ,症状
1400,可伴发热 ,症状
1401,可有身热 ,症状
1402,渴不欲饮 ,症状
1403,裉脚收束 ,症状
1404,恐惧不安 ,症状
1405,口不渴 ,症状
1406,口臭 ,症状
1407,口臭便秘 ,症状
1408,口臭纳呆 ,症状
1409,口唇干红 ,症状
1410,口唇焦燥 ,症状
1411,口唇青紫 ,症状
1412,口唇微紫 ,症状
1413,口唇爪甲紫绀 ,症状
1414,口唇紫绀 ,症状
1415,口淡不渴 ,症状
1416,口干 ,症状
1417,口干不渴 ,症状
1418,口干不欲饮 ,症状
1419,口干唇红 ,症状
1420,口干而苦 ,症状
1421,口干口苦 ,症状
1422,口干口泞 ,症状
1423,口干溺黄 ,症状
1424,口干少津 ,症状
1425,口干食少饮多 ,症状
1426,口干喜饮 ,症状
1427,口干咽燥 ,症状
1428,口干欲饥 ,症状
1429,口干欲饮 ,症状
1430,口噤 ,症状
1431,口噤目闭 ,症状
1432,口渴 ,症状
1433,口渴不欲饮 ,症状
1434,口渴多饮 ,症状
1435,口渴尿黄 ,症状
1436,口渴喜热 ,症状
1437,口渴喜饮 ,症状
1438,口渴咽干 ,症状
1439,口渴引饮 ,症状
1440,口渴欲饮 ,症状
1441,口苦 ,症状
1442,口苦嗳气 ,症状
1443,口苦口干 ,症状
1444,口苦且干 ,症状
1445,口苦痰多 ,症状
1446,口苦咽干 ,症状
1447,口内恶臭 ,症状
1448,口腻 ,症状
1449,口腻多痰 ,症状
1450,口腔糜烂 ,症状
1451,口舌满布白屑 ,症状
1452,口舌散布白屑 ,症状
1453,口舌生疮 ,症状
1454,口舌歪斜 ,症状
1455,口吐内沫 ,症状
1456,口吐自沬 ,症状
1457,口微渴 ,症状
1458,口咽干燥 ,症状
1459,口有异味 ,症状
1460,口燥咽干 ,症状
1461,口粘多痰 ,症状
1462,口粘痰多 ,症状
1463,口中无味 ,症状
1464,哭声尖锐 ,症状
1465,髋部疼痛 ,症状
1466,狂烦躁不安 ,症状
1467,狂躁不宁 ,症状
1468,溃后漏口难敛 ,症状
1469,溃后难敛 ,症状
1470,溃后愈坚 ,症状
1471,溃后症状缓解 ,症状
1472,溃脓 ,症状
1473,困倦无力 ,症状
1474,剌痛 ,症状
1475,剌痒 ,症状
1476,蜡黄色 ,症状
1477,蜡样光泽 ,症状
1478,懒言气短 ,症状
1479,肋间胀满 ,症状
1480,泪少 ,症状
1481,冷泪绵绵 ,症状
1482,离热 ,症状
1483,里翳不敛 ,症状
1484,痢下脓血 ,症状
1485,连缀成环 ,症状
1486,两目瞪视 ,症状
1487,两目怒视 ,症状
1488,两目无神 ,症状
1489,两目下垂 ,症状
1490,两目斜视 ,症状
1491,两目直视 ,症状
1492,两颧潮红 ,症状
1493,两胁 ,症状
1494,量多如喷 ,症状
1495,量少 ,症状
1496,量少不畅 ,症状
1497,量少色红质稠 ,症状
1498,裂口深红 ,症状
1499,淋沥不爽 ,症状
1500,淋沥不止 ,症状
1501,鳞屑较多 ,症状
1502,流泪 ,症状
1503,流脓较多 ,症状
1504,流涕 ,症状
1505,流涕喷嗔 ,症状
1506,流涕粘稠 ,症状
1507,颅缝开解 ,症状
1508,瘰疬成串 ,症状
1509,麻木 ,症状
1510,麻木不仁 ,症状
1511,麻木疼痛 ,症状
1512,骂人毁物 ,症状
1513,脉络怒张 ,症状
1514,毛发枯黄易落 ,症状
1515,毛发稀疏 ,症状
1516,毛发稀疏易落 ,症状
1517,毛细血管扩张明显 ,症状
1518,眉紧肉跳 ,症状
1519,眉棱骨痛 ,症状
1520,眉棱疼痛 ,症状
1521,梦语齟齿 ,症状
1522,迷睡 ,症状
1523,糜烂结痂 ,症状
1524,糜烂面淡红 ,症状
1525,糜烂面鲜红 ,症状
1526,糜烂渗液 ,症状
1527,糜烂溢脓 ,症状
1528,面白 ,症状
1529,面白或萎黄 ,症状
1530,面白顴红 ,症状
1531,面白神疲 ,症状
1532,面部烘热 ,症状
1533,面部红热 ,症状
1534,面赤唇红 ,症状
1535,面赤烦热 ,症状
1536,面赤口苦 ,症状
1537,面赤头晕 ,症状
1538,面赤心烦 ,症状
1539,面浮足肿 ,症状
1540,面红 ,症状
1541,面红目赤 ,症状
1542,面红升火 ,症状
1543,面黄 ,症状
1544,面黄肌瘦 ,症状
1545,面黄少华 ,症状
1546,面黄无华 ,症状
1547,面黄虚浮 ,症状
1548,面目浮肿 ,症状
1549,面目虚浮 ,症状
1550,面色暗滞 ,症状
1551,面色黯黑 ,症状
1552,面色白 ,症状
1553,面色不华 ,症状
1554,面色苍白 ,症状
1555,面色苍黄 ,症状
1556,面色潮红 ,症状
1557,面色淡白 ,症状
1558,面色淡黄 ,症状
1559,面色发紫 ,症状
1560,面色咣白 ,症状
1561,面色胱白 ,症状
1562,面色?白 ,症状
1563,面色?白。 ,症状
1564,面色晦暗 ,症状
1565,面色晦暗。 ,症状
1566,面色晦垢 ,症状
1567,面色晦滞 ,症状
1568,面色晦滞带青 ,症状
1569,面色倦怠 ,症状
1570,面色抗白 ,症状
1571,面色青灰 ,症状
1572,面色少华 ,症状
1573,面色萎黄 ,症状
1574,面色无华 ,症状
1575,面足轻度浮肿 ,症状
1576,摸之坚硬 ,症状
1577,目赤畏光 ,症状
1578,目舂闭 ,症状
1579,目瞪若呆 ,症状
1580,目睛上视 ,症状
1581,目眶凹陷 ,症状
1582,目偏斜 ,症状
1583,目眩 ,症状
1584,目痒涩痛 ,症状
1585,目胀欲裂 ,症状
1586,目珠赤涩疼痛 ,症状
1587,目珠疼痛 ,症状
1588,目珠胀痛 ,症状
1589,纳差 ,症状
1590,纳差食少 ,症状
1591,纳呆 ,症状
1592,纳呆便溏 ,症状
1593,纳呆盗汗 ,症状
1594,纳谷欠佳 ,症状
1595,纳少 ,症状
1596,纳少便溏 ,症状
1597,纳少泛恶 ,症状
1598,纳少脘闷 ,症状
1599,纳食不馨 ,症状
1600,纳食呆顿 ,症状
1601,纳食腹胀 ,症状
1602,男性睾丸肿痛 ,症状
1603,难以静坐 ,症状
1604,恼怒多言 ,症状
1605,尿闭 ,症状
1606,尿赤 ,症状
1607,尿赤便干 ,症状
1608,尿道口红肿 ,症状
1609,尿道口溢脓 ,症状
1610,尿道灼热剌痛 ,症状
1611,尿短黄 ,症状
1612,尿短少 ,症状
1613,尿黄 ,症状
1614,尿黄赤 ,症状
1615,尿黄浑浊 ,症状
1616,尿频 ,症状
1617,尿频不畅 ,症状
1618,尿频量多 ,症状
1619,尿频量少 ,症状
1620,尿如细线 ,症状
1621,尿色暗红 ,症状
1622,尿少 ,症状
1623,尿少色黄而赤 ,症状
1624,尿少色淸 ,症状
1625,尿时剌痛难忍 ,症状
1626,尿痛 ,症状
1627,尿血 ,症状
1628,尿液赤涩 ,症状
1629,尿液混浊如脂 ,症状
1630,尿意不畅 ,症状
1631,尿中带血 ,症状
1632,尿中夹血块 ,症状
1633,脓出稀薄 ,症状
1634,脓疮 ,症状
1635,脓腐难化 ,症状
1636,脓疱密集 ,症状
1637,脓疱稀疏 ,症状
1638,脓水淋漓 ,症状
1639,脓水稀少 ,症状
1640,脓液稠黄 ,症状
1641,脓液排出 ,症状
1642,脓液稀薄 ,症状
1643,脓液稀少 ,症状
1644,脓汁常流 ,症状
1645,脓汁清稀 ,症状
1646,女性少腹痛经 ,症状
1647,衄血 ,症状
1648,呕恶 ,症状
1649,呕恶频作 ,症状
1650,呕吐 ,症状
1651,呕吐泛酸 ,症状
1652,呕吐清水痰涎 ,症状
1653,呕吐淸水痰涎 ,症状
1654,呕吐少量食物粘液 ,症状
1655,呕吐食物残渣 ,症状
1656,呕吐酸腐食物 ,症状
1657,呕吐酸水 ,症状
1658,呕吐痰涎 ,症状
1659,呕吐泻下物为稀水 ,症状
1660,偶有惊惕 ,症状
1661,怕风 ,症状
1662,怕热 ,症状
1663,怕热畏光 ,症状
1664,排便不畅 ,症状
1665,排尿无力 ,症状
1666,疱壁紧张 ,症状
1667,疱壁松弛 ,症状
1668,喷嚏 ,症状
1669,喷嚏流涕 ,症状
1670,皮包骨头 ,症状
1671,皮肤不润 ,症状
1672,皮肤疮毒 ,症状
1673,皮肤发黄 ,症状
1674,皮肤肥厚 ,症状
1675,皮肤干糙 ,症状
1676,皮肤干枯 ,症状
1677,皮肤干燥 ,症状
1678,皮肤红肿发亮 ,症状
1679,皮肤坏死 ,症状
1680,皮肤瘙痒 ,症状
1681,皮肤水疱少 ,症状
1682,皮肤推之能移 ,症状
1683,皮肤殷红干燥 ,症状
1684,皮肤疹点密集 ,症状
1685,皮肤灼热 ,症状
1686,皮肤紫斑 ,症状
1687,皮色暗红 ,症状
1688,皮色暗黧 ,症状
1689,皮色不变 ,症状
1690,皮色灰暗不泽 ,症状
1691,皮色紫暗 ,症状
1692,皮色紫滞 ,症状
1693,皮损暗红 ,症状
1694,皮损处呈红斑 ,症状
1695,皮损肥厚浸润 ,症状
1696,皮损色淡 ,症状
1697,皮损鲜红 ,症状
1698,皮厗结块圆短如茧 ,症状
1699,皮疹成片 ,症状
1700,皮疹黄褐 ,症状
1701,皮疹渐消 ,症状
1702,皮疹结节 ,症状
1703,皮疹如币 ,症状
1704,皮疹鲜红 ,症状
1705,皮疹隐隐 ,症状
1706,皮疹紫红 ,症状
1707,毘寒喜暖 ,症状
1708,痞满胀痛 ,症状
1709,偏身麻木 ,症状
1710,偏食 ,症状
1711,平素易感冒 ,症状
1712,起病急骤 ,症状
1713,气不接续 ,症状
1714,气粗口干 ,症状
1715,气粗息涌 ,症状
1716,气促 ,症状
1717,气促喘憋 ,症状
1718,气短 ,症状
1719,气短喘促 ,症状
1720,气短多汗 ,症状
1721,气短乏力 ,症状
1722,气短懒言 ,症状
1723,气短胸闷 ,症状
1724,气短自汗 ,症状
1725,气秽 ,症状
1726,气急 ,症状
1727,气急痰鸣 ,症状
1728,气味臭秽 ,症状
1729,气味腐臭 ,症状
1730,气息短促 ,症状
1731,迁延不已 ,症状
1732,牵拽面颊 ,症状
1733,呛咳阵作 ,症状
1734,寝则磨牙 ,症状
1735,青筋暴露 ,症状
1736,轻度作胀 ,症状
1737,轻微羞明 ,症状
1738,清液清稀 ,症状
1739,情绪抑郁 ,症状
1740,情志抑郁 ,症状
1741,丘疱疹多 ,症状
1742,屈伸不利 ,症状
1743,曲色少华 ,症状
1744,全身恶寒发热 ,症状
1745,全身发热 ,症状
1746,全身乏力 ,症状
1747,全身浮肿 ,症状
1748,全身疲软 ,症状
1749,全身情况无变化 ,症状
1750,全身症状较轻 ,症状
1751,全身壮热 ,症状
1752,颧赤 ,症状
1753,颧红 ,症状
1754,颧红潮热 ,症状
1755,热多寒少 ,症状
1756,热泪频流 ,症状
1757,热泪如汤 ,症状
1758,热甚寒微 ,症状
1759,热势不扬 ,症状
1760,人便干稀不调 ,症状
1761,人而复出 ,症状
1762,肉眼血尿 ,症状
1763,乳房胀痛 ,症状
1764,乳房肿痛 ,症状
1765,乳孔溢液 ,症状
1766,乳胁胀痛 ,症状
1767,乳汁瘀积结块 ,症状
1768,褥疮溃烂 ,症状
1769,腮部肿胀 ,症状
1770,腮腺管口脓分泌物 ,症状
1771,腮腺管脓分泌物 ,症状
1772,塞流浊涕 ,症状
1773,瘙痒 ,症状
1774,瘙痒不已 ,症状
1775,瘙痒刺痛 ,症状
1776,瘙痒无休 ,症状
1777,色暗有块 ,症状
1778,色暗滞 ,症状
1779,色黯有血块 ,症状
1780,色淡黯 ,症状
1781,色淡红 ,症状
1782,色褐而臭 ,症状
1783,色红无块 ,症状
1784,色黄周围有红晕 ,症状
1785,色灰或褐 ,症状
1786,色较淡 ,症状
1787,色深红 ,症状
1788,色紫黑 ,症状
1789,色紫红 ,症状
1790,涩痛难开 ,症状
1791,沙涩疼痛 ,症状
1792,善食 ,症状
1793,善太息 ,症状
1794,伤眼白睛 ,症状
1795,伤肢肿胀剧痛 ,症状
1796,上腹疼痛 ,症状
1797,上下游走 ,症状
1798,上肢窜痛麻木 ,症状
1799,稍进油腻则便次增多 ,症状
1800,少腹刺痛 ,症状
1801,少腹拘急 ,症状
1802,少腹坠胀 ,症状
1803,少腹作胀 ,症状
1804,少汗 ,症状
1805,少寐多梦 ,症状
1806,少气懒言 ,症状
1807,舌红 ,症状
1808,舌尖红 ,症状
1809,舌卷囊缩 ,症状
1810,舌强不语 ,症状
1811,舌强言蹇 ,症状
1812,舌强语謇 ,症状
1813,舌歪语謇 ,症状
1814,摄寒 ,症状
1815,身发斑疹 ,症状
1816,身倦困重 ,症状
1817,身目俱黄 ,症状
1818,身热 ,症状
1819,身热不退 ,症状
1820,身热不扬 ,症状
1821,身热恶風 ,症状
1822,身热烦渴 ,症状
1823,身热渐退 ,症状
1824,身热骤降 ,症状
1825,身痛 ,症状
1826,身重困倦 ,症状
1827,神昏 ,症状
1828,神昏迷蒙 ,症状
1829,神昏柚搐 ,症状
1830,神昏谵语 ,症状
1831,神倦 ,症状
1832,神倦乏力 ,症状
1833,神倦懒动 ,症状
1834,神倦怯寒 ,症状
1835,神疲 ,症状
1836,神疲乏力 ,症状
1837,神疲纳呆 ,症状
1838,神疲气怯 ,症状
1839,神疲食少 ,症状
1840,神疲嗜睡 ,症状
1841,神疲畏寒 ,症状
1842,神疲肢倦 ,症状
1843,神情淡漠 ,症状
1844,神情烦躁 ,症状
1845,神识昏蒙 ,症状
1846,神萎踡缩 ,症状
1847,神志不清 ,症状
1848,神志呆钝 ,症状
1849,神志多清醒 ,症状
1850,神志恍惚不安 ,症状
1851,神志欠清 ,症状
1852,甚则溃烂 ,症状
1853,甚至失明 ,症状
1854,渗流血水 ,症状
1855,生眵 ,症状
1856,声带水肿 ,症状
1857,声带息肉 ,症状
1858,声带小结 ,症状
1859,声低气短 ,症状
1860,声嘶 ,症状
1861,声微气怯 ,症状
1862,声音嘶哑 ,症状
1863,声音重浊 ,症状
1864,失聪 ,症状
1865,失眠 ,症状
1866,失眠多梦 ,症状
1867,失语 ,症状
1868,时好时差 ,症状
1869,时或恶风 ,症状
1870,时时干呕 ,症状
1871,时作痒 ,症状
1872,食多便多 ,症状
1873,食后腹胀 ,症状
1874,食后作胀 ,症状
1875,食人格拒不下 ,症状
1876,食人即吐 ,症状
1877,食少 ,症状
1878,食少便塘 ,症状
1879,食少便溏 ,症状
1880,食少腹胀 ,症状
1881,食少神疲 ,症状
1882,食欲不振 ,症状
1883,食欲减退 ,症状
1884,屎急 ,症状
1885,屎频量多 ,症状
1886,屎色较黄 ,症状
1887,视近清晰 ,症状
1888,视力恢复 ,症状
1889,视力昏蒙 ,症状
1890,视力界蒙 ,症状
1891,视力剧降 ,症状
1892,视力模糊 ,症状
1893,视力如常 ,症状
1894,视力锐减 ,症状
1895,视力下降 ,症状
1896,视力正常 ,症状
1897,视力骤降 ,症状
1898,视盘如曲 ,症状
1899,视疲劳 ,症状
1900,视神经乳头充血 ,症状
1901,视物变形 ,症状
1902,视物模糊 ,症状
1903,视物模糊不清 ,症状
1904,视物旋转 ,症状
1905,视野缩小 ,症状
1906,视一为二 ,症状
1907,视远模糊 ,症状
1908,嗜睡 ,症状
1909,手颤 ,症状
1910,手撤肢厥 ,症状
1911,手捏不起 ,症状
1912,手软难握 ,症状
1913,手心灼热 ,症状
1914,手掌赤痕 ,症状
1915,手足不温 ,症状
1916,手足抽搐 ,症状
1917,手足烦热 ,症状
1918,手足痉挛 ,症状
1919,手足拘急 ,症状
1920,手足拘挛 ,症状
1921,手足蝤动 ,症状
1922,手足心热 ,症状
1923,手足肿胀 ,症状
1924,受冷气发病 ,症状
1925,数日不解 ,症状
1926,双眼隐涩不爽 ,症状
1927,水饮不下 ,症状
1928,水肿 ,症状
1929,睡眠不安 ,症状
1930,睡中遗尿 ,症状
1931,吮乳困难 ,症状
1932,吮指磨牙 ,症状
1933,思想不集中 ,症状
1934,四肢抽搐 ,症状
1935,四肢抽搐无力 ,症状
1936,四肢发冷 ,症状
1937,四肢乏力 ,症状
1938,四肢关於痛 ,症状
1939,四肢痉挛 ,症状
1940,四肢厥冷 ,症状
1941,四肢麻木不仁 ,症状
1942,四肢逆冷 ,症状
1943,四肢欠温 ,症状
1944,四肢痿软 ,症状
1945,四肢无力 ,症状
1946,四肢柚搐无力 ,症状
1947,四周紫红 ,症状
1948,溲赤 ,症状
1949,溲黄 ,症状
1950,溲黄便结 ,症状
1951,溲黄赤 ,症状
1952,酸麻疼痛 ,症状
1953,酸胀得热痛缓 ,症状
1954,酸胀遇冷加重 ,症状
1955,痰白而粘 ,症状
1956,痰稠色黄 ,症状
1957,痰多 ,症状
1958,痰多而粘 ,症状
1959,痰多口粘 ,症状
1960,痰多息促 ,症状
1961,痰多易咯 ,症状
1962,痰多粘白 ,症状
1963,痰核处皮色微红肿 ,症状
1964,痰黄稠 ,症状
1965,痰黄粘稠 ,症状
1966,痰稀色白 ,症状
1967,痰涎涌盛 ,症状
1968,痰液清稀 ,症状
1969,痰涌气粗 ,症状
1970,痰粘 ,症状
1971,痰粘夹血丝 ,症状
1972,痰粘色 ,症状
1973,汤水难咽 ,症状
1974,溏垢 ,症状
1975,疼痛 ,症状
1976,疼痛固定 ,症状
1977,疼痛剧烈 ,症状
1978,啼哭无泪 ,症状
1979,涕多色白或微黄 ,症状
1980,涕多色黄 ,症状
1981,听力不聪 ,症状
1982,听力下降 ,症状
1983,瞳神散大 ,症状
1984,痛处不红 ,症状
1985,痛处固定 ,症状
1986,痛如针刺 ,症状
1987,痛如锥刺 ,症状
1988,痛性游走 ,症状
1989,头畢耳鸣 ,症状
1990,头部歪向病侧 ,症状
1991,头部下垂 ,症状
1992,头额作痛 ,症状
1993,头昏 ,症状
1994,头昏目眩 ,症状
1995,头昏食少 ,症状
1996,头昏嗜睡 ,症状
1997,头昏头痛 ,症状
1998,头昏胀重 ,症状
1999,头面颈胸出汗 ,症状
2000,头目眩晕 ,症状
2001,头目胀痛 ,症状
2002,头皮潮红 ,症状
2003,头身困重 ,症状
2004,头身疼痛 ,症状
2005,头痛 ,症状
2006,头痛鼻塞 ,症状
2007,头痛恶心 ,症状
2008,头痛而胀 ,症状
2009,头痛高热 ,症状
2010,头痛剧烈 ,症状
2011,头痛面赤 ,症状
2012,头痛目赤 ,症状
2013,头痛且胀 ,症状
2014,头痛如劈 ,症状
2015,头痛身楚 ,症状
2016,头痛身痛 ,症状
2017,头痛心悸 ,症状
2018,头痛眼胀 ,症状
2019,头痛躁狂 ,症状
2020,头痛胀重 ,症状
2021,头萤如裹 ,症状
2022,头有沉重 ,症状
2023,头晕 ,症状
2024,头晕耳鸣 ,症状
2025,头晕乏力 ,症状
2026,头晕口眩 ,症状
2027,头晕目赤 ,症状
2028,头晕目花 ,症状
2029,头晕目眩 ,症状
2030,头晕日眩 ,症状
2031,头晕如旋 ,症状
2032,头晕头痛 ,症状
2033,头晕头重 ,症状
2034,头晕心悸 ,症状
2035,头晕眼花 ,症状
2036,头胀 ,症状
2037,头胀而晕 ,症状
2038,头胀痛 ,症状
2039,头重而晕 ,症状
2040,头重如裹 ,症状
2041,头重身困 ,症状
2042,头重胸梅 ,症状
2043,头重眼胀 ,症状
2044,突发耳聋 ,症状
2045,突发目偏斜 ,症状
2046,突然发热 ,症状
2047,突然昏倒 ,症状
2048,突然失明 ,症状
2049,吐出为快 ,症状
2050,吐出物热臭酸腐 ,症状
2051,吐泻交作 ,症状
2052,吐泻频急 ,症状
2053,吐泻频作 ,症状
2054,吐血 ,症状
2055,吐血不止 ,症状
2056,吐血量多 ,症状
2057,吐血量多色红 ,症状
2058,吐血色鲜红 ,症状
2059,吐血紫暗 ,症状
2060,吐之不出 ,症状
2061,腿软无力 ,症状
2062,吞咽梗噎 ,症状
2063,吞咽困难 ,症状
2064,臀部红肿灼热 ,症状
2065,臀腿灼痛 ,症状
2066,脱肛 ,症状
2067,脱屑退皮 ,症状
2068,外形不红热 ,症状
2069,完谷不化 ,症状
2070,脘腹撑急 ,症状
2071,脘腹瘠满 ,症状
2072,脘腹痞满 ,症状
2073,脘腹痞满胀痛 ,症状
2074,脘腹痞胀 ,症状
2075,脘腹隐痛 ,症状
2076,脘腹胀大 ,症状
2077,脘腹胀闷甚则疼痛口臭便秘 ,症状
2078,脘腹胀痛 ,症状
2079,脘闷纳呆 ,症状
2080,脘闷痞满 ,症状
2081,脘痞 ,症状
2082,脘痞腹胀 ,症状
2083,脘胁烦闷不适 ,症状
2084,脘胁隐痛 ,症状
2085,脘胀纳少 ,症状
2086,妄闻妄见 ,症状
2087,微恶风寒 ,症状
2088,微恶寒 ,症状
2089,微发热 ,症状
2090,微红微肿 ,症状
2091,微有汗出 ,症状
2092,微有畏寒 ,症状
2093,畏光 ,症状
2094,畏光闭目 ,症状
2095,畏光泪出 ,症状
2096,畏光流泪 ,症状
2097,畏光难睁 ,症状
2098,畏寒发热 ,症状
2099,畏寒髙热 ,症状
2100,畏寒怕冷 ,症状
2101,畏寒神倦 ,症状
2102,畏寒肢冷 ,症状
2103,畏冷身疼 ,症状
2104,胃纳减退 ,症状
2105,胃痛绵绵 ,症状
2106,胃痛念迫 ,症状
2107,胃脘嘈杂 ,症状
2108,胃脘冷痛暴作 ,症状
2109,胃脘痞胀疼痛 ,症状
2110,胃脘疼痛 ,症状
2111,胃脘隐痛 ,症状
2112,卧则喘促 ,症状
2113,无臭气 ,症状
2114,无汗 ,症状
2115,无汗不渴 ,症状
2116,无汗或少汗 ,症状
2117,五心烦热 ,症状
2118,午后潮热 ,症状
2119,午后低热 ,症状
2120,午后面红烦热。 ,症状
2121,午后热甚 ,症状
2122,午后为甚 ,症状
2123,午后有低热 ,症状
2124,膝关节活动受限 ,症状
2125,膝关节肿张 ,症状
2126,膝关节肿胀 ,症状
2127,膝酸软无力 ,症状
2128,喜按 ,症状
2129,喜冷恶热 ,症状
2130,喜凉怕热 ,症状
2131,喜热畏寒 ,症状
2132,喜热喜按 ,症状
2133,喜热饮 ,症状
2134,下腹痛 ,症状
2135,下血污浊腥臭 ,症状
2136,下肢浮肿 ,症状
2137,下肢红斑结节 ,症状
2138,下肢瘘软无力 ,症状
2139,下肢欠温 ,症状
2140,下肢酸痛 ,症状
2141,下肢为重 ,症状
2142,下肢先肿 ,症状
2143,下肢有肿胀 ,症状
2144,锨热疼痛 ,症状
2145,项强 ,症状
2146,消谷善饥 ,症状
2147,消瘦 ,症状
2148,消瘦无力 ,症状
2149,霄脘痞胀灼热 ,症状
2150,小便不通 ,症状
2151,小便赤涩 ,症状
2152,小便赤涩热痛 ,症状
2153,小便滴沥不畅 ,症状
2154,小便短赤 ,症状
2155,小便短黄 ,症状
2156,小便短少 ,症状
2157,小便短少不利 ,症状
2158,小便短亦 ,症状
2159,小便黄 ,症状
2160,小便黄赤 ,症状
2161,小便解不出 ,症状
2162,小便量多 ,症状
2163,小便频急 ,症状
2164,小便频数 ,症状
2165,小便频数涩痛 ,症状
2166,小便清长 ,症状
2167,小便乳白 ,症状
2168,小便色黄 ,症状
2169,小便涩痛 ,症状
2170,小便失禁 ,症状
2171,小便灼热刺痛 ,症状
2172,小腹拘急 ,症状
2173,小腹冷感 ,症状
2174,小腹冷痛 ,症状
2175,小腹绵绵作痛 ,症状
2176,小腹疼痛 ,症状
2177,小腹隐痛 ,症状
2178,小腹隐痛喜按 ,症状
2179,小腹胀急 ,症状
2180,小腹胀满疼痛 ,症状
2181,小腹胀痛 ,症状
2182,小腹坠胀 ,症状
2183,小腹作胀 ,症状
2184,小泡 ,症状
2185,小溲短赤 ,症状
2186,小腿酸胀 ,症状
2187,哮喘发作 ,症状
2188,胁肋剌痛 ,症状
2189,胁肋胀痛 ,症状
2190,胁痛 ,症状
2191,胁痛口苦 ,症状
2192,胁痛善怒 ,症状
2193,胁下痞块 ,症状
2194,胁下胀痛 ,症状
2195,泄泻 ,症状
2196,泻前腹痛哭闹 ,症状
2197,泻如水样 ,症状
2198,泻下黄水 ,症状
2199,泻下急迫 ,症状
2200,心烦 ,症状
2201,心烦懊侬 ,症状
2202,心烦不寐 ,症状
2203,心烦汗出 ,症状
2204,心烦口干 ,症状
2205,心烦口渴 ,症状
2206,心烦口苦 ,症状
2207,心烦少寐 ,症状
2208,心烦声嘶 ,症状
2209,心烦失眠 ,症状
2210,心烦胸闷 ,症状
2211,心烦易怒 ,症状
2212,心悸 ,症状
2213,心悸盗汗 ,症状
2214,心悸烦闷 ,症状
2215,心悸汗出 ,症状
2216,心悸气短 ,症状
2217,心悸少寐 ,症状
2218,心悸失眠 ,症状
2219,心悸易汗 ,症状
2220,心悸怔忡 ,症状
2221,心悸自汗 ,症状
2222,心神不宁 ,症状
2223,心痛彻背 ,症状
2224,心胸烦闷 ,症状
2225,心胸痛如缩窄 ,症状
2226,心胸隐痛 ,症状
2227,心胸阵痛 ,症状
2228,心胸窒闷 ,症状
2229,心中懊侬 ,症状
2230,囟门迟闭 ,症状
2231,囟门宽大 ,症状
2232,猩红若丹 ,症状
2233,形寒喜温 ,症状
2234,形寒肢冷 ,症状
2235,形寒肢疲 ,症状
2236,形神萎靡 ,症状
2237,形瘦 ,症状
2238,形瘦骨立 ,症状
2239,形瘦面红 ,症状
2240,形瘦神衰 ,症状
2241,形体肥胖 ,症状
2242,形体较瘦 ,症状
2243,形体怯弱 ,症状
2244,形体消痩 ,症状
2245,形体消瘦 ,症状
2246,兴趣多变 ,症状
2247,性情急躁 ,症状
2248,性欲淡滇 ,症状
2249,性躁易怒 ,症状
2250,胸部白? ,症状
2251,胸膈烦闷 ,症状
2252,胸膈满闷 ,症状
2253,胸膈痞满 ,症状
2254,胸膈疼痛 ,症状
2255,胸满腹胀 ,症状
2256,胸满肋痛 ,症状
2257,胸闷 ,症状
2258,胸闷不畅 ,症状
2259,胸闷烦热 ,症状
2260,胸闷泛恶 ,症状
2261,胸闷腹胀 ,症状
2262,胸闷纳呆 ,症状
2263,胸闷呕恶 ,症状
2264,胸闷气喘 ,症状
2265,胸闷气促 ,症状
2266,胸闷气短 ,症状
2267,胸闷如窒 ,症状
2268,胸闷叹息 ,症状
2269,胸闷脘痞 ,症状
2270,胸闷脘胀 ,症状
2271,胸闷胁服 ,症状
2272,胸闷胁痛 ,症状
2273,胸闷胁胀 ,症状
2274,胸闷心悸 ,症状
2275,胸闷作恶 ,症状
2276,胸痛 ,症状
2277,胸痛如刺如绞 ,症状
2278,胸脘不适 ,症状
2279,胸脘满闷 ,症状
2280,胸脘痞满 ,症状
2281,胸脘痞闷 ,症状
2282,胸脘痞痛 ,症状
2283,胸脘胀满 ,症状
2284,胸胁满闷 ,症状
2285,胸胁闷胀 ,症状
2286,胸胁疼痛 ,症状
2287,胸胁引痛 ,症状
2288,胸胁胀闷 ,症状
2289,胸胁胀痛 ,症状
2290,胸胁作胀 ,症状
2291,胸中窒闷 ,症状
2292,羞明 ,症状
2293,羞明多泪 ,症状
2294,羞明流泪 ,症状
2295,宿翳日久 ,症状
2296,宿翳已成 ,症状
2297,虚烦不安 ,症状
2298,虚烦不眠 ,症状
2299,虚烦少宁 ,症状
2300,眩晕 ,症状
2301,眩晕耳鸣 ,症状
2302,眩晕头痛 ,症状
2303,血灌瞳神 ,症状
2304,血色暗淡 ,症状
2305,血色淡红 ,症状
2306,血色鲜红 ,症状
2307,血色鲜紫 ,症状
2308,血下如溉 ,症状
2309,血压下降 ,症状
2310,压痛 ,症状
2311,压痛明显 ,症状
2312,压之疼痛 ,症状
2313,牙齿松动 ,症状
2314,牙根宣露 ,症状
2315,牙关紧闭 ,症状
2316,牙龈出血 ,症状
2317,牙龈渗血 ,症状
2318,牙龈萎缩 ,症状
2319,牙龈肿痛 ,症状
2320,咽部赤烂疼痛 ,症状
2321,咽部充血较重 ,症状
2322,咽部干燥 ,症状
2323,咽部红肿疼痛 ,症状
2324,咽干 ,症状
2325,咽干鼻燥 ,症状
2326,咽干口渴 ,症状
2327,咽干口燥 ,症状
2328,咽红 ,症状
2329,咽红肿痛 ,症状
2330,咽喉不适 ,症状
2331,咽喉祜膜充血深红 ,症状
2332,咽喉痰多 ,症状
2333,咽喉肿痛 ,症状
2334,咽痛 ,症状
2335,咽痛渐减 ,症状
2336,咽痛较剧 ,症状
2337,咽痛声嘶 ,症状
2338,咽痛咽红 ,症状
2339,咽粘膜充血 ,症状
2340,咽粘深红色 ,症状
2341,咽之不下 ,症状
2342,咽中如有炙脔 ,症状
2343,言语不利 ,症状
2344,颜面口唇青紫 ,症状
2345,颜色暗红 ,症状
2346,颜色淡红 ,症状
2347,颜色鲜红 ,症状
2348,眼胞肿胀难睁 ,症状
2349,眼眵胶粘 ,症状
2350,眼干涩 ,症状
2351,眼红眼痛 ,症状
2352,眼睑不闭 ,症状
2353,眼睑浮肿 ,症状
2354,眼睛干涩羞明 ,症状
2355,眼睛涩痛难睁 ,症状
2356,眼哐黯黑 ,症状
2357,眼眶深部胀痛 ,症状
2358,眼内异物 ,症状
2359,眼球突出 ,症状
2360,眼球震颤 ,症状
2361,眼疼 ,症状
2362,眼疼头痛 ,症状
2363,眼痛 ,症状
2364,眼压偏高 ,症状
2365,眼胀痛 ,症状
2366,眼珠变软 ,症状
2367,眼珠端好 ,症状
2368,眼珠高起 ,症状
2369,眼珠晦暗 ,症状
2370,眼珠突出 ,症状
2371,眼珠完好 ,症状
2372,眼珠压痛 ,症状
2373,眼灼痛 ,症状
2374,厌食 ,症状
2375,阳瘘不举 ,症状
2376,阳痿不举 ,症状
2377,痒如虫行 ,症状
2378,痒痛 ,症状
2379,痒痛微作 ,症状
2380,腰背酸痛 ,症状
2381,腰腹绞痛 ,症状
2382,腰腹胀坠作痛 ,症状
2383,腰酸 ,症状
2384,腰酸耳鸣 ,症状
2385,腰酸乏力 ,症状
2386,腰酸软 ,症状
2387,腰酸膝软 ,症状
2388,腰酸形寒 ,症状
2389,腰痛 ,症状
2390,腰痛发胀 ,症状
2391,腰腿不利 ,症状
2392,腰腿酸胀 ,症状
2393,腰弯背驼 ,症状
2394,腰膝酸软 ,症状
2395,腰膝酸痛 ,症状
2396,咬齿磨牙 ,症状
2397,咬甲挖鼻 ,症状
2398,叶泻频繁 ,症状
2399,夜不能寐 ,症状
2400,夜间盗汗 ,症状
2401,夜间身热 ,症状
2402,夜寐不安 ,症状
2403,夜寐不实 ,症状
2404,夜寐惊醒啼哭 ,症状
2405,夜眠不安 ,症状
2406,夜尿频多 ,症状
2407,夜卧不安 ,症状
2408,遗精频作 ,症状
2409,颐颌间肿块平塌 ,症状
2410,颐颌肿痛 ,症状
2411,以痛为主 ,症状
2412,易汗 ,症状
2413,易惊醒 ,症状
2414,易怒 ,症状
2415,易于感冒 ,症状
2416,意识不清 ,症状
2417,意识不淸 ,症状
2418,意志不坚 ,症状
2419,翳障边清 ,症状
2420,阴道漏红 ,症状
2421,阴茎 ,症状
2422,阴囊发生孤立褐红色硬节 ,症状
2423,饮食减少 ,症状
2424,饮食难下 ,症状
2425,饮食如常 ,症状
2426,饮食少进 ,症状
2427,饮水则吐 ,症状
2428,迎风泪出 ,症状
2429,痈疖等病史 ,症状
2430,忧虑多疑 ,症状
2431,有暗影遮挡 ,症状
2432,有齿衄 ,症状
2433,有疔 ,症状
2434,有恶寒 ,症状
2435,有汗不解 ,症状
2436,有黄白色分泌物粘附 ,症状
2437,有流产史 ,症状
2438,有目眩 ,症状
2439,有脓疱 ,症状
2440,有小血块 ,症状
2441,有血块 ,症状
2442,有血疱 ,症状
2443,有压痛 ,症状
2444,有痒感 ,症状
2445,右下腹痛 ,症状
2446,幼稚任性 ,症状
2447,余沥不净 ,症状
2448,逾垣上屋 ,症状
2449,语声低怯 ,症状
2450,语声低微 ,症状
2451,语言冒失 ,症状
2452,遇寒加重 ,症状
2453,遇寒痛剧 ,症状
2454,遇寒痛增 ,症状
2455,遇寒则胸痛 ,症状
2456,愈合缓慢 ,症状
2457,远视力下降 ,症状
2458,月经不行 ,症状
2459,月经不调 ,症状
2460,月经过多 ,症状
2461,月经后期 ,症状
2462,月经停闭 ,症状
2463,月经先期 ,症状
2464,月经周期不定 ,症状
2465,月经周期延后 ,症状
2466,运动后疼痛加重 ,症状
2467,葬塞 ,症状
2468,早轻暮重 ,症状
2469,躁扰不安 ,症状
2470,躁扰不宁 ,症状
2471,增厚或翘起 ,症状
2472,粘膜发疹呈乳白色 ,症状
2473,粘膜糜烂 ,症状
2474,张口困难 ,症状
2475,浙淅恶风 ,症状
2476,针眼初起 ,症状
2477,针眼屡发 ,症状
2478,疹点粟粒大小 ,症状
2479,疹如癣疥 ,症状
2480,疹色浅红 ,症状
2481,肢楚乏力 ,症状
2482,肢节酸痛 ,症状
2483,肢节肿胀 ,症状
2484,肢冷 ,症状
2485,肢麻 ,症状
2486,肢体沉里 ,症状
2487,肢体抽搐 ,症状
2488,肢体浮肿 ,症状
2489,肢体关节肌肉疼痛 ,症状
2490,肢体关节酸痛 ,症状
2491,肢体关节疼痛 ,症状
2492,肢体活动不利 ,症状
2493,肢体拘紧 ,症状
2494,肢体困倦 ,症状
2495,肢体麻木 ,症状
2496,肢体麻木不仁 ,症状
2497,肢体强直 ,症状
2498,肢体软弱 ,症状
2499,肢体软弱无力 ,症状
2500,肢体瘫痪不收 ,症状
2501,肢体痿软 ,症状
2502,肢体痿软无力 ,症状
2503,肢体消瘦 ,症状
2504,直性瘫痪 ,症状
2505,指尖螺瘪 ,症状
2506,趾甲增厚 ,症状
2507,质稀 ,症状
2508,质粘稠 ,症状
2509,质粘腻 ,症状
2510,智力落后同年龄儿童 ,症状
2511,中心凹陷 ,症状
2512,肿块变软 ,症状
2513,肿块坚实 ,症状
2514,肿块增大 ,症状
2515,肿势平塌 ,症状
2516,肿痛 ,症状
2517,肿胀 ,症状
2518,肿胀疼痛 ,症状
2519,肿胀優硬 ,症状
2520,重按疼痛 ,症状
2521,重发热 ,症状
2522,重者滑精 ,症状
2523,重者惊叫 ,症状
2524,重坠难睁 ,症状
2525,周身酸楚 ,症状
2526,肘部酸痛麻木 ,症状
2527,昼轻夜重 ,症状
2528,逐渐增大 ,症状
2529,逐渐肢体浮肿 ,症状
2530,蛀蚀呈蜂窝状 ,症状
2531,抓破干痂 ,症状
2532,转侧不利 ,症状
2533,壮热 ,症状
2534,壮热不寒 ,症状
2535,壮热烦躁 ,症状
2536,壮热口渴 ,症状
2537,壮热头痛 ,症状
2538,坠硬粗糙 ,症状
2539,灼热 ,症状
2540,灼热刺痛 ,症状
2541,灼热红肿 ,症状
2542,灼热疼痛 ,症状
2543,灼痛 ,症状
2544,紫绀 ,症状
2545,自汗 ,症状
2546,自汗畏寒 ,症状
2547,自汗心悸 ,症状
2548,自然缓解 ,症状
2549,自诉头痛 ,症状
2550,自语或不语 ,症状
2551,眦部红赤 ,症状
2552,走窜蔓延 ,症状
2553,足软难履 ,症状
2554,阻塞不通 ,症状
2555,最终失明 ,症状
